CVE, CWEs, repository, prePatch, postPatch, vulPath, fixPath, lineNumber, explanation,
CVE-2016-1000229, CWE-079-CWE-116, https://github.com/linxiaowu66/swagger-ui.git, 14fad2b4c76efe249db515c98432eb609aa77691, be1d6d4dbed60e3efbb15caede756bdbd2269a41, /vul/CVE-2016-1000229/linxiaowu66/swagger-ui/1/14fad2b4c76efe249db515c98432eb609aa77691/handlebars.js, /fix/CVE-2016-1000229/linxiaowu66/swagger-ui/1/be1d6d4dbed60e3efbb15caede756bdbd2269a41/handlebars.js,68, Client-side cross-site scripting,
CVE-2016-10735, CWE-079-CWE-116, https://github.com/twbs/bootstrap.git, ba6a6f13691000ffaf22ef8e731513737659447f, bcad4bcb5f5a9ef079b2883a48a698b35261e083, /vul/CVE-2016-10735/twbs/bootstrap/2/ba6a6f13691000ffaf22ef8e731513737659447f/util.js, /fix/CVE-2016-10735/twbs/bootstrap/2/bcad4bcb5f5a9ef079b2883a48a698b35261e083/util.js,120, DOM text reinterpreted as HTML,
CVE-2017-0931, CWE-079-CWE-116, https://github.com/guardian/html-janitor.git, 8c99e653a36a85edd740e756d7371ee47a9aee45, 0f60a4243f38b81cede9d5742aeccac2a95d0bcb, /vul/CVE-2017-0931/guardian/html-janitor/3/8c99e653a36a85edd740e756d7371ee47a9aee45/html-janitor.js, /fix/CVE-2017-0931/guardian/html-janitor/3/0f60a4243f38b81cede9d5742aeccac2a95d0bcb/html-janitor.js,43, Client-side cross-site scripting,
CVE-2017-1000219, CWE-078-CWE-088, https://github.com/KyleRoss/windows-cpu.git, da656c1a9d5edbf4e8bf0640f349aeb714a4f1a0, b75e19aa2f7459a9506bceb577ba2341fe273117, /vul/CVE-2017-1000219/KyleRoss/windows-cpu/5/da656c1a9d5edbf4e8bf0640f349aeb714a4f1a0/index.js, /fix/CVE-2017-1000219/KyleRoss/windows-cpu/5/b75e19aa2f7459a9506bceb577ba2341fe273117/index.js,82, Unsafe shell command constructed from library input,
CVE-2017-1000427, CWE-020, https://github.com/markedjs/marked.git, 38f1727ffee0820975677027b8968bc1954e6637, cd2f6f5b7091154c5526e79b5f3bfb4d15995a51, /vul/CVE-2017-1000427/markedjs/marked/6/38f1727ffee0820975677027b8968bc1954e6637/marked.js, /fix/CVE-2017-1000427/markedjs/marked/6/cd2f6f5b7091154c5526e79b5f3bfb4d15995a51/marked.js,878, Incomplete URL scheme check,
CVE-2017-1001004, CWE-094-CWE-079-CWE-116, https://github.com/josdejong/typed-function.git, 9a8cac3cb8ae89fd0a9b3ae2dfde27cd1aa5a60a, 6478ef4f2c3f3c2d9f2c820e2db4b4ba3425e6fe, /vul/CVE-2017-1001004/josdejong/typed-function/7/9a8cac3cb8ae89fd0a9b3ae2dfde27cd1aa5a60a/typed-function.js, /fix/CVE-2017-1001004/josdejong/typed-function/7/6478ef4f2c3f3c2d9f2c820e2db4b4ba3425e6fe/typed-function.js,1118, Code injection,
CVE-2017-15010, CWE-730-CWE-400, https://github.com/salesforce/tough-cookie.git, fcc8abfa3d3cab4f99da38f3f3749b1b186eb5a4, f1ed420a6a92ea7a5418df6e39e676556bc0c71d, /vul/CVE-2017-15010/salesforce/tough-cookie/9/fcc8abfa3d3cab4f99da38f3f3749b1b186eb5a4/cookie.js, /fix/CVE-2017-15010/salesforce/tough-cookie/9/f1ed420a6a92ea7a5418df6e39e676556bc0c71d/cookie.js,61, Polynomial regular expression used on uncontrolled data,
CVE-2017-16003, CWE-829, https://github.com/felixrieseberg/windows-build-tools.git, 3a97ea156d07aaccca101ed8f0a1606eea8dfc2d, 9835d33e68f2cb5e4d148e954bb3ed0221d98e90, /vul/CVE-2017-16003/felixrieseberg/windows-build-tools/10/3a97ea156d07aaccca101ed8f0a1606eea8dfc2d/download.js, /fix/CVE-2017-16003/felixrieseberg/windows-build-tools/10/9835d33e68f2cb5e4d148e954bb3ed0221d98e90/download.js,38, Download of sensitive file through insecure connection,
CVE-2017-16006, CWE-020, https://github.com/jonschlinkert/remarkable.git, a85cf32cd194d7a12d2155256bd38283e431b26b, 6da96c34ca5a3e2ab25ef36a62fe29377bdda9ff, /vul/CVE-2017-16006/jonschlinkert/remarkable/11/a85cf32cd194d7a12d2155256bd38283e431b26b/parser_inline.js, /fix/CVE-2017-16006/jonschlinkert/remarkable/11/6da96c34ca5a3e2ab25ef36a62fe29377bdda9ff/parser_inline.js,151, Incomplete URL scheme check,
CVE-2017-16011, CWE-79, https://github.com/jquery/jquery.git, 452e32769d514d835988c544492e4083df2bc1d6, 05531fc4080ae24070930d15ae0cea7ae056457d, /vul/CVE-2017-16011/jquery/jquery/12/452e32769d514d835988c544492e4083df2bc1d6/core.js, /fix/CVE-2017-16011/jquery/jquery/12/05531fc4080ae24070930d15ae0cea7ae056457d/core.js,52, Cross-site scripting,
CVE-2017-16014, CWE-730, https://github.com/http-party/node-http-proxy.git, 0c71119ee58ee84068120be72308ecb28cb3e532, 0e36912906640fdb007e0492b75c3f6a7b580ec6, /vul/CVE-2017-16014/http-party/node-http-proxy/13/0c71119ee58ee84068120be72308ecb28cb3e532/node-http-proxy.js, /fix/CVE-2017-16014/http-party/node-http-proxy/13/0e36912906640fdb007e0492b75c3f6a7b580ec6/node-http-proxy.js,225, Server crash,
CVE-2017-16018, CWE-079-CWE-116, https://github.com/restify/node-restify.git, 893895137b6a54a21ebf88cabe3f275636ef28d7, 24c57cef13dced488ca698db72b851cecd687924, /vul/CVE-2017-16018/restify/node-restify/14/893895137b6a54a21ebf88cabe3f275636ef28d7/server.js, /fix/CVE-2017-16018/restify/node-restify/14/24c57cef13dced488ca698db72b851cecd687924/server.js,202, Reflected cross-site scripting,
CVE-2017-16023, CWE-730-CWE-400, https://github.com/sindresorhus/decamelize.git, 18479821851414d91ad3d42d8560adff5969da4b, 76d47d8de360afb574da2e34db87430ce11094e0, /vul/CVE-2017-16023/sindresorhus/decamelize/15/18479821851414d91ad3d42d8560adff5969da4b/index.js, /fix/CVE-2017-16023/sindresorhus/decamelize/15/76d47d8de360afb574da2e34db87430ce11094e0/index.js,8, Regular expression injection,
CVE-2017-16026, CWE-770, https://github.com/request/request.git, 85f8235c061f8d0d1697066290a34f43120cb77f, 3d31d4526fa4d4e4f59b89cabe194fb671063cdb, /vul/CVE-2017-16026/request/request/16/85f8235c061f8d0d1697066290a34f43120cb77f/multipart.js, /fix/CVE-2017-16026/request/request/16/3d31d4526fa4d4e4f59b89cabe194fb671063cdb/multipart.js,71, Resource exhaustion,
CVE-2017-16028, CWE-338, https://github.com/jonschlinkert/randomatic.git, 833f31a5aac0b8c2ddd3ae23ab41a0145c2974d0, 4a526959b3a246ae8e4a82f9c182180907227fe1, /vul/CVE-2017-16028/jonschlinkert/randomatic/17/833f31a5aac0b8c2ddd3ae23ab41a0145c2974d0/index.js, /fix/CVE-2017-16028/jonschlinkert/randomatic/17/4a526959b3a246ae8e4a82f9c182180907227fe1/index.js,81, Insecure randomness,
CVE-2017-16029, CWE-022-CWE-023-CWE-036-CWE-073-CWE-099, https://github.com/henrytseng/hostr.git, 5827ba48fd4a08c26604b97798c57d45fe1cd51e, 789a00047459fd80b6f0a9701a1378a47fb73ba8, /vul/CVE-2017-16029/henrytseng/hostr/18/5827ba48fd4a08c26604b97798c57d45fe1cd51e/statics.js, /fix/CVE-2017-16029/henrytseng/hostr/18/789a00047459fd80b6f0a9701a1378a47fb73ba8/statics.js,31, Uncontrolled data used in path expression,
CVE-2017-16030, CWE-730-CWE-400, https://github.com/3rd-Eden/useragent.git, 50be8cbd7e3b9cbfeaab041de726b5438d07672e, b18cf7c2a13c994ea8d6d0d132feef4eb8193c36, /vul/CVE-2017-16030/3rd-Eden/useragent/19/50be8cbd7e3b9cbfeaab041de726b5438d07672e/regexps.js, /fix/CVE-2017-16030/3rd-Eden/useragent/19/b18cf7c2a13c994ea8d6d0d132feef4eb8193c36/regexps.js,887, Polynomial regular expression used on uncontrolled data,
CVE-2017-16034, CWE-078-CWE-088, https://github.com/soyuka/pidusage.git, e3660d8a8e5e61afad9b02af67356a1e239d6bde, b70eca15f7ca7f1b82a15f8a5d4bb48737f5a89d, /vul/CVE-2017-16034/soyuka/pidusage/21/e3660d8a8e5e61afad9b02af67356a1e239d6bde/stats.js, /fix/CVE-2017-16034/soyuka/pidusage/21/b70eca15f7ca7f1b82a15f8a5d4bb48737f5a89d/stats.js,103, Unsafe shell command constructed from library input,
CVE-2017-16042, CWE-078-CWE-088, https://github.com/tj/node-growl.git, dc8aae046df328edd32dd69f3cd2d6b114d7018e, d71177d5331c9de4658aca62e0ac921f178b0669, /vul/CVE-2017-16042/tj/node-growl/22/dc8aae046df328edd32dd69f3cd2d6b114d7018e/growl.js, /fix/CVE-2017-16042/tj/node-growl/22/d71177d5331c9de4658aca62e0ac921f178b0669/growl.js,289, Unsafe shell command constructed from library input,
CVE-2017-16043, CWE-079-CWE-116, https://github.com/erming/shout.git, 890c751bb624cde53dc392b2c851cdcd056033c6, ef041d6612e20369bf49b17b8162c57b4955a1cc, /vul/CVE-2017-16043/erming/shout/23/890c751bb624cde53dc392b2c851cdcd056033c6/shout.js, /fix/CVE-2017-16043/erming/shout/23/ef041d6612e20369bf49b17b8162c57b4955a1cc/shout.js,318, Client-side cross-site scripting,
CVE-2017-16082, CWE-116-CWE-020, https://github.com/brianc/node-postgres.git, 51a28c226519daaa3a2a3971128355d0440d3819, 7008bd9ccfe6a21d66f44a4f536004ca3f40bd71, /vul/CVE-2017-16082/brianc/node-postgres/24/51a28c226519daaa3a2a3971128355d0440d3819/result.js, /fix/CVE-2017-16082/brianc/node-postgres/24/7008bd9ccfe6a21d66f44a4f536004ca3f40bd71/result.js,72, Incomplete string escaping or encoding,
CVE-2017-16083, CWE-022-CWE-023-CWE-036-CWE-073-CWE-099, https://github.com/sandy98/node-simple-router.git, 91da4299aee0086cc1e0cc837763578af6f82cea, dfdd52e2e80607af433097d940b3834fd96df488, /vul/CVE-2017-16083/sandy98/node-simple-router/25/91da4299aee0086cc1e0cc837763578af6f82cea/router.js, /fix/CVE-2017-16083/sandy98/node-simple-router/25/dfdd52e2e80607af433097d940b3834fd96df488/router.js,734, Uncontrolled data used in path expression,
CVE-2017-16084, CWE-022-CWE-023-CWE-036-CWE-073-CWE-099, https://github.com/KoryNunn/list-n-stream.git, 87de3f13465e9d4d21eb75be8143cdc4085a19b3, 99b0b40b34aaedfcdf25da46bef0a06b9c47fb59, /vul/CVE-2017-16084/KoryNunn/list-n-stream/26/87de3f13465e9d4d21eb75be8143cdc4085a19b3/server.js, /fix/CVE-2017-16084/KoryNunn/list-n-stream/26/99b0b40b34aaedfcdf25da46bef0a06b9c47fb59/server.js,88, Uncontrolled data used in path expression,
CVE-2017-16087, CWE-078-CWE-088, https://github.com/vvakame/fs-git.git, 50b33e3faec0b08183a699efb9b154c0d1495bee, eb5f70efa5cfbff1ab299fa7daaa5de549243998, /vul/CVE-2017-16087/vvakame/fs-git/27/50b33e3faec0b08183a699efb9b154c0d1495bee/index.ts, /fix/CVE-2017-16087/vvakame/fs-git/27/eb5f70efa5cfbff1ab299fa7daaa5de549243998/index.ts,38, Unsafe shell command constructed from library input,
CVE-2017-16098, CWE-730-CWE-400, https://github.com/node-modules/charset.git, 5ba8a4942f069d40584cf5a1a7938ff8dc92bcc9, effda0c48c51b47a47f4cad7db0c51ee7407cc1b, /vul/CVE-2017-16098/node-modules/charset/28/5ba8a4942f069d40584cf5a1a7938ff8dc92bcc9/index.js, /fix/CVE-2017-16098/node-modules/charset/28/effda0c48c51b47a47f4cad7db0c51ee7407cc1b/index.js,44, Polynomial regular expression used on uncontrolled data,
CVE-2017-16100, CWE-078-CWE-088, https://github.com/skoranga/node-dns-sync.git, b748fe77a87749d95876028eda8e759109be4c73, d9abaae384b198db1095735ad9c1c73d7b890a0d, /vul/CVE-2017-16100/skoranga/node-dns-sync/29/b748fe77a87749d95876028eda8e759109be4c73/dns-sync.js, /fix/CVE-2017-16100/skoranga/node-dns-sync/29/d9abaae384b198db1095735ad9c1c73d7b890a0d/dns-sync.js,21, Unsafe shell command constructed from library input,
CVE-2017-16107, CWE-022-CWE-023-CWE-036-CWE-073-CWE-099, https://github.com/Eeems/PooledWebSocket.git, d51217a285c1dc5851743d0756cc43c35d12737c, 7b3b4e5c6be6d8a964296fa3c50e38dc07e9701d, /vul/CVE-2017-16107/Eeems/PooledWebSocket/30/d51217a285c1dc5851743d0756cc43c35d12737c/server.js, /fix/CVE-2017-16107/Eeems/PooledWebSocket/30/7b3b4e5c6be6d8a964296fa3c50e38dc07e9701d/server.js,9, Uncontrolled data used in path expression,
CVE-2017-16114, CWE-730-CWE-400, https://github.com/markedjs/marked.git, 49b7eaca76d14ccd91f87decc11bbe213a6e0af4, a37bd643f05bf95ff18cafa2b06e7d741d2e2157, /vul/CVE-2017-16114/markedjs/marked/31/49b7eaca76d14ccd91f87decc11bbe213a6e0af4/marked.js, /fix/CVE-2017-16114/markedjs/marked/31/a37bd643f05bf95ff18cafa2b06e7d741d2e2157/marked.js,459, Inefficient regular expression,
CVE-2017-16117, CWE-730-CWE-400, https://github.com/Trott/node-slug.git, 85ded30a95760b19cd223abe668eade0279a21f2, 791b7d8ea1804be341561aa5d44d282bbfd2f780, /vul/CVE-2017-16117/Trott/node-slug/32/85ded30a95760b19cd223abe668eade0279a21f2/slug.js, /fix/CVE-2017-16117/Trott/node-slug/32/791b7d8ea1804be341561aa5d44d282bbfd2f780/slug.js,64, Polynomial regular expression used on uncontrolled data,
CVE-2017-16118, CWE-730-CWE-400, https://github.com/jshttp/forwarded.git, ad1efeaf2315c1ccd25c1e5bccb21df626c1d12c, d469116eda4931fbe1c0ccb29497b35930bfa328, /vul/CVE-2017-16118/jshttp/forwarded/33/ad1efeaf2315c1ccd25c1e5bccb21df626c1d12c/index.js, /fix/CVE-2017-16118/jshttp/forwarded/33/d469116eda4931fbe1c0ccb29497b35930bfa328/index.js,14, Polynomial regular expression used on uncontrolled data,
CVE-2017-16119, CWE-730-CWE-400, https://github.com/jshttp/fresh.git, ff5f257b575a70fae6268b9283f7d5796bcfde71, 21a0f0c2a5f447e0d40bc16be0c23fa98a7b46ec, /vul/CVE-2017-16119/jshttp/fresh/34/ff5f257b575a70fae6268b9283f7d5796bcfde71/index.js, /fix/CVE-2017-16119/jshttp/fresh/34/21a0f0c2a5f447e0d40bc16be0c23fa98a7b46ec/index.js,22, Polynomial regular expression used on uncontrolled data,
CVE-2017-16136, CWE-730-CWE-400, https://github.com/expressjs/method-override.git, 5a7d6a1f2f16ba4ec2bbab3d67b98b30e1d8a0fe, 4c58835a61fdf7a8e070d6f8ecd5379a961d0987, /vul/CVE-2017-16136/expressjs/method-override/35/5a7d6a1f2f16ba4ec2bbab3d67b98b30e1d8a0fe/index.js, /fix/CVE-2017-16136/expressjs/method-override/35/4c58835a61fdf7a8e070d6f8ecd5379a961d0987/index.js,120, Polynomial regular expression used on uncontrolled data,
CVE-2017-16137, CWE-730-CWE-400, https://github.com/visionmedia/debug.git, 47747f329fe159e94262318b52b87a48f6c0acd4, c38a0166c266a679c8de012d4eaccec3f944e685, /vul/CVE-2017-16137/visionmedia/debug/36/47747f329fe159e94262318b52b87a48f6c0acd4/node.js, /fix/CVE-2017-16137/visionmedia/debug/36/c38a0166c266a679c8de012d4eaccec3f944e685/node.js,86, Polynomial regular expression used on uncontrolled data,
CVE-2017-16138, CWE-730-CWE-400, https://github.com/broofa/node-mime.git, 4a375abebfa3900921217daa270302e01a1c67ae, 1df903fdeb9ae7eaa048795b8d580ce2c98f40b0, /vul/CVE-2017-16138/broofa/node-mime/37/4a375abebfa3900921217daa270302e01a1c67ae/Mime.js, /fix/CVE-2017-16138/broofa/node-mime/37/1df903fdeb9ae7eaa048795b8d580ce2c98f40b0/Mime.js,50, Polynomial regular expression used on uncontrolled data,
CVE-2017-16224, CWE-601, https://github.com/isaacs/st.git, ae7b6768c1d91dd48b368b2b921193fc2b36cff1, 579960c629f12a27428e2da84c54f517e37b0a16, /vul/CVE-2017-16224/isaacs/st/38/ae7b6768c1d91dd48b368b2b921193fc2b36cff1/st.js, /fix/CVE-2017-16224/isaacs/st/38/579960c629f12a27428e2da84c54f517e37b0a16/st.js,351, Server-side URL redirect,
CVE-2017-16226, CWE-20-CWE-94, https://github.com/browserify/static-eval.git, ab81134a43431457508bc2ead500f2d93ac0a71d, c06f1b8c0a0cd1cc989c025fbb4c5776fc661c2c, /vul/CVE-2017-16226/browserify/static-eval/39/ab81134a43431457508bc2ead500f2d93ac0a71d/index.js, /fix/CVE-2017-16226/browserify/static-eval/39/c06f1b8c0a0cd1cc989c025fbb4c5776fc661c2c/index.js,118, sandbox escape / arbitrary code execution,
CVE-2017-17461, CWE-730-CWE-400, https://github.com/markedjs/marked.git, 900e50e22a9a8165e6de4df6a91265343fd584d9, 3a4f7a5dae661f0844cb7b07e8667b5666ffc83e, /vul/CVE-2017-17461/markedjs/marked/41/900e50e22a9a8165e6de4df6a91265343fd584d9/marked.js, /fix/CVE-2017-17461/markedjs/marked/41/3a4f7a5dae661f0844cb7b07e8667b5666ffc83e/marked.js,460, Polynomial regular expression used on uncontrolled data,
CVE-2017-18077, CWE-730-CWE-400, https://github.com/juliangruber/brace-expansion.git, 265f6cd6586383eebebbfc3c45da2eaa153d9e63, ed46e5ba619bd938e5b84835fca00eed0adc5585, /vul/CVE-2017-18077/juliangruber/brace-expansion/42/265f6cd6586383eebebbfc3c45da2eaa153d9e63/index.js, /fix/CVE-2017-18077/juliangruber/brace-expansion/42/ed46e5ba619bd938e5b84835fca00eed0adc5585/index.js,109, Inefficient regular expression,
CVE-2017-18214, CWE-730-CWE-400, https://github.com/moment/moment.git, 328d51e7235b7a2d443bfdf69c1844939c115660, 69ed9d44957fa6ab12b73d2ae29d286a857b80eb, /vul/CVE-2017-18214/moment/moment/43/328d51e7235b7a2d443bfdf69c1844939c115660/regex.js, /fix/CVE-2017-18214/moment/moment/43/69ed9d44957fa6ab12b73d2ae29d286a857b80eb/regex.js,23, Polynomial regular expression used on uncontrolled data,
CVE-2017-18352, CWE-079-CWE-116, https://github.com/GoogleChrome/rendertron.git, 16ade3208c80c3de8f8e36a05ad8242af1eeb7f4, 324ac99732c943d7b16aead2fceaa8b31a458e, /vul/CVE-2017-18352/GoogleChrome/rendertron/44/16ade3208c80c3de8f8e36a05ad8242af1eeb7f4/main.js, /fix/CVE-2017-18352/GoogleChrome/rendertron/44/324ac99732c943d7b16aead2fceaa8b31a458e/main.js,106, Reflected cross-site scripting,
CVE-2017-18353, CWE-079-CWE-116, https://github.com/GoogleChrome/rendertron.git, 16ade3208c80c3de8f8e36a05ad8242af1eeb7f4, 324ac99732c943d7b16aead2fceaa8b31a458eaa, /vul/CVE-2017-18353/GoogleChrome/rendertron/45/16ade3208c80c3de8f8e36a05ad8242af1eeb7f4/main.js, /fix/CVE-2017-18353/GoogleChrome/rendertron/45/324ac99732c943d7b16aead2fceaa8b31a458eaa/main.js,130, Reflected cross-site scripting,
CVE-2017-18354, CWE-918, https://github.com/GoogleChrome/rendertron.git, 16ade3208c80c3de8f8e36a05ad8242af1eeb7f4, 324ac99732c943d7b16aead2fceaa8b31a458eaa, /vul/CVE-2017-18354/GoogleChrome/rendertron/46/16ade3208c80c3de8f8e36a05ad8242af1eeb7f4/renderer.js, /fix/CVE-2017-18354/GoogleChrome/rendertron/46/324ac99732c943d7b16aead2fceaa8b31a458eaa/renderer.js,75, Uncontrolled data used in network request,
CVE-2017-18355, CWE-200, https://github.com/GoogleChrome/rendertron.git, 16ade3208c80c3de8f8e36a05ad8242af1eeb7f4, 324ac99732c943d7b16aead2fceaa8b31a458eaa, /vul/CVE-2017-18355/GoogleChrome/rendertron/47/16ade3208c80c3de8f8e36a05ad8242af1eeb7f4/renderer.js, /fix/CVE-2017-18355/GoogleChrome/rendertron/47/324ac99732c943d7b16aead2fceaa8b31a458eaa/renderer.js,75, Exposure of private files,
CVE-2017-18635, CWE-079-CWE-116, https://github.com/novnc/noVNC.git, 41f476a86357f1404fcca078212c702599bbcc57, 6048299a138e078aed210f163111698c8c526a13, /vul/CVE-2017-18635/novnc/noVNC/48/41f476a86357f1404fcca078212c702599bbcc57/ui.js, /fix/CVE-2017-18635/novnc/noVNC/48/6048299a138e078aed210f163111698c8c526a13/ui.js,534, Exception text reinterpreted as HTML,
CVE-2017-5954, CWE-094-CWE-079-CWE-116, https://github.com/commenthol/serialize-to-js.git, a1e8140ed1a07013f644b5b76025f4eaab7fb9d8, 1cd433960e5b9db4c0b537afb28366198a319429, /vul/CVE-2017-5954/commenthol/serialize-to-js/49/a1e8140ed1a07013f644b5b76025f4eaab7fb9d8/deserialize.js, /fix/CVE-2017-5954/commenthol/serialize-to-js/49/1cd433960e5b9db4c0b537afb28366198a319429/deserialize.js,28, Code injection,
CVE-2018-1000096, , https://github.com/brianleroux/tiny-json-http.git, 41468a2ba952aa4d59c2fae20a7a7394d3b6d5d7, 1460a815c9a657daaf29ebdf085b935221fcf676, /vul/CVE-2018-1000096/brianleroux/tiny-json-http/51/41468a2ba952aa4d59c2fae20a7a7394d3b6d5d7/_read.js, /fix/CVE-2018-1000096/brianleroux/tiny-json-http/51/1460a815c9a657daaf29ebdf085b935221fcf676/_read.js,41, Disabling certificate validation,
CVE-2018-1000620, CWE-327, https://github.com/hapijs/cryptiles.git, 96e63fd1605d5a85b19281e4741e28568d8c9822, 9332d4263a32b84e76bf538d7470d01ea63fa047, /vul/CVE-2018-1000620/hapijs/cryptiles/52/96e63fd1605d5a85b19281e4741e28568d8c9822/index.js, /fix/CVE-2018-1000620/hapijs/cryptiles/52/9332d4263a32b84e76bf538d7470d01ea63fa047/index.js,32, Creating biased random numbers from a cryptographically secure source.,
CVE-2018-1002203, CWE-022, https://github.com/ZJONSSON/node-unzipper.git, 48bd69eaa3cbd30558bd218327ac103d1457e919, 2220ddd5b58f6252069a4f99f9475441ad0b50cd, /vul/CVE-2018-1002203/ZJONSSON/node-unzipper/53/48bd69eaa3cbd30558bd218327ac103d1457e919/extract.js, /fix/CVE-2018-1002203/ZJONSSON/node-unzipper/53/2220ddd5b58f6252069a4f99f9475441ad0b50cd/extract.js,21," Arbitrary file write during zip extraction (""Zip Slip"")",
CVE-2018-1002204, CWE-022, https://github.com/cthackers/adm-zip.git, e116bc18df51e4e50c493cede82ae7696954b511, 62f64004fefb894c523a7143e8a88ebe6c84df25, /vul/CVE-2018-1002204/cthackers/adm-zip/54/e116bc18df51e4e50c493cede82ae7696954b511/utils.js, /fix/CVE-2018-1002204/cthackers/adm-zip/54/62f64004fefb894c523a7143e8a88ebe6c84df25/utils.js,109," Arbitrary file write during zip extraction (""Zip Slip"")",
CVE-2018-11093, CWE-079-CWE-116, https://github.com/ckeditor/ckeditor5-link.git, 992bd11d68e0e6d37b5cb4be36afabe7b4b3e9eb, 8cb782e, /vul/CVE-2018-11093/ckeditor/ckeditor5-link/55/992bd11d68e0e6d37b5cb4be36afabe7b4b3e9eb/linkactionsview.js, /fix/CVE-2018-11093/ckeditor/ckeditor5-link/55/8cb782e/linkactionsview.js,209, Client-side cross-site scripting,
CVE-2018-11615, CWE-116-CWE-020, https://github.com/moscajs/mosca.git, e61f7491519ff69732e91f5afa107cda4c4d271e, 21ad292f9ff3d49134afd31ae519755866556dd5, /vul/CVE-2018-11615/moscajs/mosca/56/e61f7491519ff69732e91f5afa107cda4c4d271e/mongo.js, /fix/CVE-2018-11615/moscajs/mosca/56/21ad292f9ff3d49134afd31ae519755866556dd5/mongo.js,270, Incomplete string escaping or encoding,
CVE-2018-11798, CWE-022-CWE-023-CWE-036-CWE-073-CWE-099, https://github.com/apache/thrift.git, d566da7739c9aae63fe7fc9d267887fa73e5dda7, 2a2b72f6c8aef200ecee4984f011e06052288ff2, /vul/CVE-2018-11798/apache/thrift/57/d566da7739c9aae63fe7fc9d267887fa73e5dda7/web_server.js, /fix/CVE-2018-11798/apache/thrift/57/2a2b72f6c8aef200ecee4984f011e06052288ff2/web_server.js,419, Uncontrolled data used in path expression,
CVE-2018-13797, CWE-078-CWE-088, https://github.com/scravy/node-macaddress.git, dd079620d11c91957ac897e88d539dfceec41d56, 358fd594adb196a86b94ac9c691f69fe5dad2332, /vul/CVE-2018-13797/scravy/node-macaddress/58/dd079620d11c91957ac897e88d539dfceec41d56/linux.js, /fix/CVE-2018-13797/scravy/node-macaddress/58/358fd594adb196a86b94ac9c691f69fe5dad2332/linux.js,4, Unsafe shell command constructed from library input,
CVE-2018-13863, CWE-730-CWE-400, https://github.com/mongodb/js-bson.git, e403bd94faadee80cd82bae888e28b8b4d6d1e8d, bd61c45157c53a1698ff23770160cf4783e9ea4a, /vul/CVE-2018-13863/mongodb/js-bson/59/e403bd94faadee80cd82bae888e28b8b4d6d1e8d/decimal128.js, /fix/CVE-2018-13863/mongodb/js-bson/59/bd61c45157c53a1698ff23770160cf4783e9ea4a/decimal128.js,5, Polynomial regular expression used on uncontrolled data,
CVE-2018-14040, CWE-079-CWE-116, https://github.com/twbs/bootstrap.git, 13bf8aeae3db71e28af69782328c22215795c169, 2a5ba23ce8f041f3548317acc992ed8a736b609d, /vul/CVE-2018-14040/twbs/bootstrap/60/13bf8aeae3db71e28af69782328c22215795c169/collapse.js, /fix/CVE-2018-14040/twbs/bootstrap/60/2a5ba23ce8f041f3548317acc992ed8a736b609d/collapse.js,140, Unsafe jQuery plugin,
CVE-2018-14041, CWE-079-CWE-116, https://github.com/twbs/bootstrap.git, 149096016f70fd815540d62c0989fd99cdc809e0, cc61edfa8af7b5ec9d4888c59bf94377e499b78b, /vul/CVE-2018-14041/twbs/bootstrap/61/149096016f70fd815540d62c0989fd99cdc809e0/scrollspy.js, /fix/CVE-2018-14041/twbs/bootstrap/61/cc61edfa8af7b5ec9d4888c59bf94377e499b78b/scrollspy.js,118, Unsafe jQuery plugin,
CVE-2018-14042, CWE-079-CWE-116, https://github.com/twbs/bootstrap.git, 13bf8aeae3db71e28af69782328c22215795c169, 2a5ba23ce8f041f3548317acc992ed8a736b609d, /vul/CVE-2018-14042/twbs/bootstrap/62/13bf8aeae3db71e28af69782328c22215795c169/tooltip.js, /fix/CVE-2018-14042/twbs/bootstrap/62/2a5ba23ce8f041f3548317acc992ed8a736b609d/tooltip.js,207, Unsafe jQuery plugin,
CVE-2018-14380, CWE-079-CWE-116, https://github.com/Graylog2/graylog2-server.git, f4a6bf94bc084e58afc730881c1a746408e1f574, 52d54c86b8050b554db4146c241167c8d444a1dc, /vul/CVE-2018-14380/Graylog2/graylog2-server/63/f4a6bf94bc084e58afc730881c1a746408e1f574/QueryInput.ts, /fix/CVE-2018-14380/Graylog2/graylog2-server/63/52d54c86b8050b554db4146c241167c8d444a1dc/QueryInput.ts,51, Client-side cross-site scripting,
CVE-2018-16460, CWE-078-CWE-088, https://github.com/UmbraEngineering/ps.git, facfbce24c0dc5505edbae759f4bb991f2724979, 47e6f3815c45ac491f0e9f08d3eeeed5217e97c4, /vul/CVE-2018-16460/UmbraEngineering/ps/64/facfbce24c0dc5505edbae759f4bb991f2724979/index.js, /fix/CVE-2018-16460/UmbraEngineering/ps/64/47e6f3815c45ac491f0e9f08d3eeeed5217e97c4/index.js,8, Unsafe shell command constructed from library input,
CVE-2018-16461, CWE-078-CWE-088, https://github.com/jas-/node-libnmap.git, 49b72239b144ab7ffdf673b62e18bfd0760948f6, c235b24b0342e12a5dbf502f89daabe95883b6c8, /vul/CVE-2018-16461/jas-/node-libnmap/65/49b72239b144ab7ffdf673b62e18bfd0760948f6/tools.js, /fix/CVE-2018-16461/jas-/node-libnmap/65/c235b24b0342e12a5dbf502f89daabe95883b6c8/tools.js,114, Unsafe shell command constructed from library input,
CVE-2018-16462, CWE-078-CWE-088, https://github.com/vincentmorneau/apex-publish-static-files.git, 8d28fe8a9a49e5ff3f61e239293b5646528e2915, 2209af8f2b65c24aa55ab757e0e05b958c16f063, /vul/CVE-2018-16462/vincentmorneau/apex-publish-static-files/66/8d28fe8a9a49e5ff3f61e239293b5646528e2915/index.js, /fix/CVE-2018-16462/vincentmorneau/apex-publish-static-files/66/2209af8f2b65c24aa55ab757e0e05b958c16f063/index.js,54, Unsafe shell command constructed from library input,
CVE-2018-16472, CWE-250-CWE-400, https://github.com/ashaffer/cached-path-relative.git, a63061a1c92cab1a9fd0e938fceeac26fedf30c4, a43cffec84ed0e9eceecb43b534b6937a8028fc0, /vul/CVE-2018-16472/ashaffer/cached-path-relative/67/a63061a1c92cab1a9fd0e938fceeac26fedf30c4/index.js, /fix/CVE-2018-16472/ashaffer/cached-path-relative/67/a43cffec84ed0e9eceecb43b534b6937a8028fc0/index.js,39, Remote property injection,
CVE-2018-16478, CWE-022-CWE-023-CWE-036-CWE-073-CWE-099, https://github.com/tikonen/blog.git, 08ab167d21ca55e6bb5599fdd599e888c8cc667c, d85f8cf0634aac25b058f47dd6d5a291fce7840c, /vul/CVE-2018-16478/tikonen/blog/68/08ab167d21ca55e6bb5599fdd599e888c8cc667c/simplehttpserver.js, /fix/CVE-2018-16478/tikonen/blog/68/d85f8cf0634aac25b058f47dd6d5a291fce7840c/simplehttpserver.js,76, Uncontrolled data used in path expression,
CVE-2018-16479, CWE-022-CWE-023-CWE-036-CWE-073-CWE-099, https://github.com/prahladyeri/http-live-simulator.git, 8e85a1be562248d0d616c0e5092a3d71bbf5fe5f, 354644525f1626c5921abac10913c0d47f1f1433, /vul/CVE-2018-16479/prahladyeri/http-live-simulator/69/8e85a1be562248d0d616c0e5092a3d71bbf5fe5f/http-live, /fix/CVE-2018-16479/prahladyeri/http-live-simulator/69/354644525f1626c5921abac10913c0d47f1f1433/http-live,94, Uncontrolled data used in path expression,
CVE-2018-16480, CWE-079-CWE-116, https://github.com/tnantoka/public.git, 6d152eb12b368df70c789aba84d27d01b854ee47, a754943e2b7348e366d4f2a5319cb12fa873a725, /vul/CVE-2018-16480/tnantoka/public/70/6d152eb12b368df70c789aba84d27d01b854ee47/public, /fix/CVE-2018-16480/tnantoka/public/70/a754943e2b7348e366d4f2a5319cb12fa873a725/public,111, Stored cross-site scripting,
CVE-2018-16484, CWE-079-CWE-116, https://github.com/nunnly/m-server.git, e4bf390a3a9180ba2298f3d68bc16d9a69187703, b8613fd1f35b2ba1e3b0cbac254c03f7c9f95232, /vul/CVE-2018-16484/nunnly/m-server/71/e4bf390a3a9180ba2298f3d68bc16d9a69187703/index.js, /fix/CVE-2018-16484/nunnly/m-server/71/b8613fd1f35b2ba1e3b0cbac254c03f7c9f95232/index.js,39, Stored cross-site scripting,
CVE-2018-16485, CWE-022-CWE-023-CWE-036-CWE-073-CWE-099, https://github.com/nunnly/m-server.git, 3fcc6771fb14e8452ca80364f5900af362df316f, 01f13f040d1961ca3146dce7e2db990156e65e9a, /vul/CVE-2018-16485/nunnly/m-server/72/3fcc6771fb14e8452ca80364f5900af362df316f/index.js, /fix/CVE-2018-16485/nunnly/m-server/72/01f13f040d1961ca3146dce7e2db990156e65e9a/index.js,11, Uncontrolled data used in path expression,
CVE-2018-16487, CWE-078-CWE-079-CWE-094-CWE-400-CWE-915, https://github.com/lodash/lodash.git, 67389a8c78975d97505fa15aa79bec6397749807, 90e6199a161b6445b01454517b40ef65ebecd2ad, /vul/CVE-2018-16487/lodash/lodash/73/67389a8c78975d97505fa15aa79bec6397749807/lodash.js, /fix/CVE-2018-16487/lodash/lodash/73/90e6199a161b6445b01454517b40ef65ebecd2ad/lodash.js,2573, Prototype-polluting function,
CVE-2018-16489, CWE-078-CWE-079-CWE-094-CWE-400-CWE-915, https://github.com/angus-c/just.git, f5549c99e72a6307ba9846e553db5a9aeef36d86, 4ba818b65d89e0bf316aa574322980b4b2bd94bf, /vul/CVE-2018-16489/angus-c/just/74/f5549c99e72a6307ba9846e553db5a9aeef36d86/index.js, /fix/CVE-2018-16489/angus-c/just/74/4ba818b65d89e0bf316aa574322980b4b2bd94bf/index.js,50, Prototype-polluting function,
CVE-2018-16490, CWE-078-CWE-079-CWE-094-CWE-400-CWE-915, https://github.com/aheckmann/mpath.git, 77204d7e5b0adb2100e862069a3c20d073df8f06, 7e2977feb38cf3ce20c1e98b0850909e5f34e6c4, /vul/CVE-2018-16490/aheckmann/mpath/75/77204d7e5b0adb2100e862069a3c20d073df8f06/index.js, /fix/CVE-2018-16490/aheckmann/mpath/75/7e2977feb38cf3ce20c1e98b0850909e5f34e6c4/index.js,272, Prototype-polluting function,
CVE-2018-16492, CWE-078-CWE-079-CWE-094-CWE-400-CWE-915, https://github.com/justmoon/node-extend.git, a689700740b44846e76f8f1dc4bdf230a2cb5c0d, 0e68e71d93507fcc391e398bc84abd0666b28190, /vul/CVE-2018-16492/justmoon/node-extend/77/a689700740b44846e76f8f1dc4bdf230a2cb5c0d/index.js, /fix/CVE-2018-16492/justmoon/node-extend/77/0e68e71d93507fcc391e398bc84abd0666b28190/index.js,77, Prototype-polluting function,
CVE-2018-19048, CWE-079-CWE-116, https://github.com/mycolorway/simditor.git, 65d78cbfcb576f8963ba26a991c33d746be5add7, ef01a643cbb7f8163535d6bfb71135f80ec6a6fd, /vul/CVE-2018-19048/mycolorway/simditor/79/65d78cbfcb576f8963ba26a991c33d746be5add7/simditor.js, /fix/CVE-2018-19048/mycolorway/simditor/79/ef01a643cbb7f8163535d6bfb71135f80ec6a6fd/simditor.js,2652, DOM text reinterpreted as HTML,
CVE-2018-20164, CWE-730-CWE-400, https://github.com/ua-parser/uap-core.git, 4e97f111af71597d038eff1730fb8d7e4f4e7ae4, bf80eb25f940f2c2a4672681d753a8034839066c, /vul/CVE-2018-20164/ua-parser/uap-core/80/4e97f111af71597d038eff1730fb8d7e4f4e7ae4/regexes.yaml, /fix/CVE-2018-20164/ua-parser/uap-core/80/bf80eb25f940f2c2a4672681d753a8034839066c/regexes.yaml,911, Inefficient regular expression,
CVE-2018-20676, CWE-079-CWE-116, https://github.com/twbs/bootstrap.git, 13bf8aeae3db71e28af69782328c22215795c169, 2a5ba23ce8f041f3548317acc992ed8a736b609d, /vul/CVE-2018-20676/twbs/bootstrap/81/13bf8aeae3db71e28af69782328c22215795c169/tooltip.js, /fix/CVE-2018-20676/twbs/bootstrap/81/2a5ba23ce8f041f3548317acc992ed8a736b609d/tooltip.js,54, Unsafe jQuery plugin,
CVE-2018-20677, CWE-079-CWE-116, https://github.com/twbs/bootstrap.git, 13bf8aeae3db71e28af69782328c22215795c169, 2a5ba23ce8f041f3548317acc992ed8a736b609d, /vul/CVE-2018-20677/twbs/bootstrap/82/13bf8aeae3db71e28af69782328c22215795c169/affix.js, /fix/CVE-2018-20677/twbs/bootstrap/82/2a5ba23ce8f041f3548317acc992ed8a736b609d/affix.js,19, Unsafe jQuery plugin,
CVE-2018-20801, CWE-730-CWE-400, https://github.com/highcharts/highcharts.git, 9bcb40d7cb6acb7f63345dfe3625378b91cd243a, 7c547e1e0f5e4379f94396efd559a566668c0dfa, /vul/CVE-2018-20801/highcharts/highcharts/83/9bcb40d7cb6acb7f63345dfe3625378b91cd243a/SvgRenderer.js, /fix/CVE-2018-20801/highcharts/highcharts/83/7c547e1e0f5e4379f94396efd559a566668c0dfa/SvgRenderer.js,2430, Polynomial regular expression used on uncontrolled data,
CVE-2018-20834, CWE-022, https://github.com/npm/node-tar.git, 58a8d437abccd6dc884541b8bf6554901ec592cc, b0c58433c22f5e7fe8b1c76373f27e3f81dcd4c8, /vul/CVE-2018-20834/npm/node-tar/84/58a8d437abccd6dc884541b8bf6554901ec592cc/unpack.js, /fix/CVE-2018-20834/npm/node-tar/84/b0c58433c22f5e7fe8b1c76373f27e3f81dcd4c8/unpack.js,403," Arbitrary file write during zip extraction (""Zip Slip"")",
CVE-2018-20835, CWE-022, https://github.com/mafintosh/tar-fs.git, 7b4ab17e950832cfd3e67421e48898fdb50318fc, 06672828e6fa29ac8551b1b6f36c852a9a3c58a2, /vul/CVE-2018-20835/mafintosh/tar-fs/85/7b4ab17e950832cfd3e67421e48898fdb50318fc/index.js, /fix/CVE-2018-20835/mafintosh/tar-fs/85/06672828e6fa29ac8551b1b6f36c852a9a3c58a2/index.js,266," Arbitrary file write during zip extraction (""Zip Slip"")",
CVE-2018-21036, CWE-730, https://github.com/balderdashy/sails-hook-sockets.git, 4f78b7946f7a7ac4c762936d7633298606c1e4a7, 0533a4864b1920fd8fbb5287bc0889193c5faf44, /vul/CVE-2018-21036/balderdashy/sails-hook-sockets/86/4f78b7946f7a7ac4c762936d7633298606c1e4a7/receive-incoming-sails-io-msg.js, /fix/CVE-2018-21036/balderdashy/sails-hook-sockets/86/0533a4864b1920fd8fbb5287bc0889193c5faf44/receive-incoming-sails-io-msg.js,250, Server crash,
CVE-2018-3712, CWE-022-CWE-023-CWE-036-CWE-073-CWE-099, https://github.com/zeit/serve.git, ce95709c74873040308c88771821bfdaa569be52, 6adad6881c61991da61ebc857857c53409544575, /vul/CVE-2018-3712/zeit/serve/87/ce95709c74873040308c88771821bfdaa569be52/server.js, /fix/CVE-2018-3712/zeit/serve/87/6adad6881c61991da61ebc857857c53409544575/server.js,88, Uncontrolled data used in path expression,
CVE-2018-3713, CWE-022-CWE-023-CWE-036-CWE-073-CWE-099, https://github.com/simonh1000/angular-http-server.git, c1b677f493cc97cb63bbda1887d2a9d1b2bd4732, 34d4bd0cd0f00c46db30855a8c4aabae27eb0ac8, /vul/CVE-2018-3713/simonh1000/angular-http-server/88/c1b677f493cc97cb63bbda1887d2a9d1b2bd4732/angular-http-server.js, /fix/CVE-2018-3713/simonh1000/angular-http-server/88/34d4bd0cd0f00c46db30855a8c4aabae27eb0ac8/angular-http-server.js,76, Uncontrolled data used in path expression,
CVE-2018-3718, CWE-022-CWE-023-CWE-036-CWE-073-CWE-099, https://github.com/zeit/serve.git, 2fece040fb87fed1afcb41c58afd8824482ee15e, dd4a84ee256b4fde2eb259c5c05ea7dc9538826f, /vul/CVE-2018-3718/zeit/serve/89/2fece040fb87fed1afcb41c58afd8824482ee15e/server.js, /fix/CVE-2018-3718/zeit/serve/89/dd4a84ee256b4fde2eb259c5c05ea7dc9538826f/server.js,98, Uncontrolled data used in path expression,
CVE-2018-3719, CWE-078-CWE-079-CWE-094-CWE-400-CWE-915, https://github.com/jonschlinkert/mixin-deep.git, 7705bdf88ff0263242c07c824d20526203876668, 578b0bc5e74e14de9ef4975f504dc698796bdf9c, /vul/CVE-2018-3719/jonschlinkert/mixin-deep/90/7705bdf88ff0263242c07c824d20526203876668/index.js, /fix/CVE-2018-3719/jonschlinkert/mixin-deep/90/578b0bc5e74e14de9ef4975f504dc698796bdf9c/index.js,30, Prototype-polluting function,
CVE-2018-3721, CWE-078-CWE-079-CWE-094-CWE-400-CWE-915, https://github.com/lodash/lodash.git, 5a3ff73997b773a28a5a160b95acfd133a8162e7, d8e069cc3410082e44eb18fcf8e7f3d08ebe1d4a, /vul/CVE-2018-3721/lodash/lodash/91/5a3ff73997b773a28a5a160b95acfd133a8162e7/lodash.js, /fix/CVE-2018-3721/lodash/lodash/91/d8e069cc3410082e44eb18fcf8e7f3d08ebe1d4a/lodash.js,2580, Prototype-polluting function,
CVE-2018-3722, CWE-078-CWE-079-CWE-094-CWE-400-CWE-915, https://github.com/jonschlinkert/merge-deep.git, 7be7e50163dc4ef467ace5371186a77028a66cc9, 2c33634da7129a5aefcc262d2fec2e72224404e5, /vul/CVE-2018-3722/jonschlinkert/merge-deep/92/7be7e50163dc4ef467ace5371186a77028a66cc9/index.js, /fix/CVE-2018-3722/jonschlinkert/merge-deep/92/2c33634da7129a5aefcc262d2fec2e72224404e5/index.js,45, Prototype-polluting function,
CVE-2018-3725, CWE-022-CWE-023-CWE-036-CWE-073-CWE-099, https://github.com/herber/hekto.git, a3d942d8398a0907d0bbf2682f2fbd54ce73764e, c33aaae609c7236a7cb555a62d8b99dfbcb5da09, /vul/CVE-2018-3725/herber/hekto/93/a3d942d8398a0907d0bbf2682f2fbd54ce73764e/hekto.js, /fix/CVE-2018-3725/herber/hekto/93/c33aaae609c7236a7cb555a62d8b99dfbcb5da09/hekto.js,116, Uncontrolled data used in path expression,
CVE-2018-3725, CWE-022-CWE-023-CWE-036-CWE-073-CWE-099, https://github.com/herber/hekto.git, a3d942d8398a0907d0bbf2682f2fbd54ce73764e, c33aaae609c7236a7cb555a62d8b99dfbcb5da09, /vul/CVE-2018-3725/herber/hekto/93/a3d942d8398a0907d0bbf2682f2fbd54ce73764e/hekto.js, /fix/CVE-2018-3725/herber/hekto/93/c33aaae609c7236a7cb555a62d8b99dfbcb5da09/hekto.js,138, Uncontrolled data used in path expression,
CVE-2018-3725, CWE-022-CWE-023-CWE-036-CWE-073-CWE-099, https://github.com/herber/hekto.git, a3d942d8398a0907d0bbf2682f2fbd54ce73764e, c33aaae609c7236a7cb555a62d8b99dfbcb5da09, /vul/CVE-2018-3725/herber/hekto/93/a3d942d8398a0907d0bbf2682f2fbd54ce73764e/hekto.js, /fix/CVE-2018-3725/herber/hekto/93/c33aaae609c7236a7cb555a62d8b99dfbcb5da09/hekto.js,141, Uncontrolled data used in path expression,
CVE-2018-3725, CWE-022-CWE-023-CWE-036-CWE-073-CWE-099, https://github.com/herber/hekto.git, a3d942d8398a0907d0bbf2682f2fbd54ce73764e, c33aaae609c7236a7cb555a62d8b99dfbcb5da09, /vul/CVE-2018-3725/herber/hekto/93/a3d942d8398a0907d0bbf2682f2fbd54ce73764e/hekto.js, /fix/CVE-2018-3725/herber/hekto/93/c33aaae609c7236a7cb555a62d8b99dfbcb5da09/hekto.js,152, Uncontrolled data used in path expression,
CVE-2018-3725, CWE-022-CWE-023-CWE-036-CWE-073-CWE-099, https://github.com/herber/hekto.git, a3d942d8398a0907d0bbf2682f2fbd54ce73764e, c33aaae609c7236a7cb555a62d8b99dfbcb5da09, /vul/CVE-2018-3725/herber/hekto/93/a3d942d8398a0907d0bbf2682f2fbd54ce73764e/hekto.js, /fix/CVE-2018-3725/herber/hekto/93/c33aaae609c7236a7cb555a62d8b99dfbcb5da09/hekto.js,194, Uncontrolled data used in path expression,
CVE-2018-3726, CWE-079-CWE-116, https://github.com/omphalos/crud-file-server.git, 0c45fc64f0c0aeb23fe515c95e29f6485803de65, 4155bfe068bf211b49a0b3ffd06e78cbaf1b40fa, /vul/CVE-2018-3726/omphalos/crud-file-server/94/0c45fc64f0c0aeb23fe515c95e29f6485803de65/crud-file-server.js, /fix/CVE-2018-3726/omphalos/crud-file-server/94/4155bfe068bf211b49a0b3ffd06e78cbaf1b40fa/crud-file-server.js,143, Stored cross-site scripting,
CVE-2018-3728, CWE-078-CWE-079-CWE-094-CWE-400-CWE-915, https://github.com/hapijs/hoek.git, dfadda70b192adbcdf9a33ccc3caecfeb3dbe528, 32ed5c9413321fbc37da5ca81a7cbab693786dee, /vul/CVE-2018-3728/hapijs/hoek/95/dfadda70b192adbcdf9a33ccc3caecfeb3dbe528/index.js, /fix/CVE-2018-3728/hapijs/hoek/95/32ed5c9413321fbc37da5ca81a7cbab693786dee/index.js,129, Prototype-polluting function,
CVE-2018-3731, CWE-022-CWE-023-CWE-036-CWE-073-CWE-099, https://github.com/tnantoka/public.git, c5c14107c00eb37c677eabcc5566938a0dee685c, eae8ad8017b260f8667ded5e12801bd72b877af2, /vul/CVE-2018-3731/tnantoka/public/96/c5c14107c00eb37c677eabcc5566938a0dee685c/public, /fix/CVE-2018-3731/tnantoka/public/96/eae8ad8017b260f8667ded5e12801bd72b877af2/public,78, Uncontrolled data used in path expression,
CVE-2018-3732, CWE-22, https://github.com/pillarjs/resolve-path.git, 7330f714649ae4f10de73837f5c9fcfdc7979697, fe5b8052cafd35fcdafe9210e100e9050b37d2a0, /vul/CVE-2018-3732/pillarjs/resolve-path/97/7330f714649ae4f10de73837f5c9fcfdc7979697/index.js, /fix/CVE-2018-3732/pillarjs/resolve-path/97/fe5b8052cafd35fcdafe9210e100e9050b37d2a0/index.js,89, Lack of file path sanitization for windows based paths,
CVE-2018-3733, CWE-022-CWE-023-CWE-036-CWE-073-CWE-099, https://github.com/omphalos/crud-file-server.git, 833e7fcc2bc8406b9c76836a51ae173f50c56bf0, 4fc3b404f718abb789f4ce4272c39c7a138c7a82, /vul/CVE-2018-3733/omphalos/crud-file-server/98/833e7fcc2bc8406b9c76836a51ae173f50c56bf0/crud-file-server.js, /fix/CVE-2018-3733/omphalos/crud-file-server/98/4fc3b404f718abb789f4ce4272c39c7a138c7a82/crud-file-server.js,66, Uncontrolled data used in path expression,
CVE-2018-3736, CWE-770, https://github.com/TooTallNate/node-https-proxy-agent.git, c58d365dd153104d1147967a0a6b4e1dd1698e50, 1c24219df87524e6ed973127e81f30801d658f07, /vul/CVE-2018-3736/TooTallNate/node-https-proxy-agent/99/c58d365dd153104d1147967a0a6b4e1dd1698e50/index.js, /fix/CVE-2018-3736/TooTallNate/node-https-proxy-agent/99/1c24219df87524e6ed973127e81f30801d658f07/index.js,207, Resource exhaustion,
CVE-2018-3737, CWE-730-CWE-400, https://github.com/joyent/node-sshpk.git, 4d01aede236ddfefa55ba9bef07308dca315603d, 46065d38a5e6d1bccf86d3efb2fb83c14e3f9957, /vul/CVE-2018-3737/joyent/node-sshpk/100/4d01aede236ddfefa55ba9bef07308dca315603d/ssh.js, /fix/CVE-2018-3737/joyent/node-sshpk/100/46065d38a5e6d1bccf86d3efb2fb83c14e3f9957/ssh.js,19, Polynomial regular expression used on uncontrolled data,
CVE-2018-3743, CWE-601, https://github.com/herber/hekto.git, c33aaae609c7236a7cb555a62d8b99dfbcb5da09, 408dd526e706246e2c2f378580c66036b768520e, /vul/CVE-2018-3743/herber/hekto/102/c33aaae609c7236a7cb555a62d8b99dfbcb5da09/hekto.js, /fix/CVE-2018-3743/herber/hekto/102/408dd526e706246e2c2f378580c66036b768520e/hekto.js,187, Server-side URL redirect,
CVE-2018-3746, CWE-078-CWE-088, https://github.com/fagbokforlaget/pdfinfojs.git, 379c0e14db8298b465269653b9ac308d83eb6d4e, 5cc59cd8aa13ca8d16bb41da8affdfef370ad4fd, /vul/CVE-2018-3746/fagbokforlaget/pdfinfojs/103/379c0e14db8298b465269653b9ac308d83eb6d4e/pdfinfo.js, /fix/CVE-2018-3746/fagbokforlaget/pdfinfojs/103/5cc59cd8aa13ca8d16bb41da8affdfef370ad4fd/pdfinfo.js,26, Unsafe shell command constructed from library input,
CVE-2018-3747, CWE-079-CWE-116, https://github.com/tnantoka/public.git, 6d152eb12b368df70c789aba84d27d01b854ee47, a754943e2b7348e366d4f2a5319cb12fa873a725, /vul/CVE-2018-3747/tnantoka/public/104/6d152eb12b368df70c789aba84d27d01b854ee47/public, /fix/CVE-2018-3747/tnantoka/public/104/a754943e2b7348e366d4f2a5319cb12fa873a725/public,111, Stored cross-site scripting,
CVE-2018-3750, CWE-078-CWE-079-CWE-094-CWE-400-CWE-915, https://github.com/unclechu/node-deep-extend.git, 9653940a75c2ef2b1a503b24cbadd707cccffa8c, 9423fae877e2ab6b4aecc4db79a0ed63039d4703, /vul/CVE-2018-3750/unclechu/node-deep-extend/105/9653940a75c2ef2b1a503b24cbadd707cccffa8c/deep-extend.js, /fix/CVE-2018-3750/unclechu/node-deep-extend/105/9423fae877e2ab6b4aecc4db79a0ed63039d4703/deep-extend.js,137, Prototype-polluting function,
CVE-2018-3752, CWE-078-CWE-079-CWE-094-CWE-400-CWE-915, https://github.com/schnittstabil/merge-options.git, 45a889b92251c342453af40c5f8e3fad063b7ef6, d4a93bc2890455e0931ac0779667023e6cb101d4, /vul/CVE-2018-3752/schnittstabil/merge-options/106/45a889b92251c342453af40c5f8e3fad063b7ef6/index.js, /fix/CVE-2018-3752/schnittstabil/merge-options/106/d4a93bc2890455e0931ac0779667023e6cb101d4/index.js,73, Prototype-polluting function,
CVE-2018-3757, CWE-078-CWE-088, https://github.com/roest01/node-pdf-image.git, 5803471830e0227df33a4b645aefd6521ff441e0, 15c13846a966c8513e30aff58471163a872b3b6d, /vul/CVE-2018-3757/roest01/node-pdf-image/107/5803471830e0227df33a4b645aefd6521ff441e0/index.js, /fix/CVE-2018-3757/roest01/node-pdf-image/107/15c13846a966c8513e30aff58471163a872b3b6d/index.js,116, Unsafe shell command constructed from library input,
CVE-2018-3770, CWE-94, https://github.com/alanshaw/markdown-pdf.git, 118c5c558b06d6bc950e92a01881417d996aecc6, 5a3d30d1b1ea26702be671e6cbce2dc093e8604f, /vul/CVE-2018-3770/alanshaw/markdown-pdf/108/118c5c558b06d6bc950e92a01881417d996aecc6/index.js, /fix/CVE-2018-3770/alanshaw/markdown-pdf/108/5a3d30d1b1ea26702be671e6cbce2dc093e8604f/index.js,57, Insecure default value: HTML supported by default,
CVE-2018-3772, CWE-078-CWE-088, https://github.com/vvo/node-whereis.git, b8b642b1163baa37f15ed49b4064dcbdb6e1876c, 0f64e3780235004fb6e43bfd153ea3e0e210ee2b, /vul/CVE-2018-3772/vvo/node-whereis/109/b8b642b1163baa37f15ed49b4064dcbdb6e1876c/index.js, /fix/CVE-2018-3772/vvo/node-whereis/109/0f64e3780235004fb6e43bfd153ea3e0e210ee2b/index.js,4, Unsafe shell command constructed from library input,
CVE-2018-3783, CWE-089, https://github.com/JasonEtco/flintcms.git, 49e4b6a49e8ba378313845162cd32ba06a2681d6, 4ae34238ce39fde00dfa15082397541758c07af1, /vul/CVE-2018-3783/JasonEtco/flintcms/110/49e4b6a49e8ba378313845162cd32ba06a2681d6/auth.js, /fix/CVE-2018-3783/JasonEtco/flintcms/110/4ae34238ce39fde00dfa15082397541758c07af1/auth.js,80, Database query built from user-controlled sources,
CVE-2018-3786, CWE-078-CWE-088, https://github.com/eggjs/egg-scripts.git, 08f8ea9429ee9727f5047af856d41c67de8ba23c, b98fd03d1e3aaed68004b881f0b3d42fe47341dd, /vul/CVE-2018-3786/eggjs/egg-scripts/111/08f8ea9429ee9727f5047af856d41c67de8ba23c/start.js, /fix/CVE-2018-3786/eggjs/egg-scripts/111/b98fd03d1e3aaed68004b881f0b3d42fe47341dd/start.js,235, Unsafe shell command constructed from library input,
CVE-2018-6333, CWE-601, https://github.com/facebookarchive/nuclide.git, ee8e058c8b90cb008f3ee151c52aec40cad1174a, 65f6bbd683404be1bb569b8d1be84b5d4c74a324, /vul/CVE-2018-6333/facebookarchive/nuclide/113/ee8e058c8b90cb008f3ee151c52aec40cad1174a/main.js, /fix/CVE-2018-6333/facebookarchive/nuclide/113/65f6bbd683404be1bb569b8d1be84b5d4c74a324/main.js,129, Server-side URL redirect,
CVE-2018-6341, CWE-79, https://github.com/facebook/react.git, c44c2a21614ed2e5d3078dcb24dc7ef086df24be, ff41519ec2fea37643ecae7f87f8e15856247faf, /vul/CVE-2018-6341/facebook/react/114/c44c2a21614ed2e5d3078dcb24dc7ef086df24be/DOMMarkupOperations.js, /fix/CVE-2018-6341/facebook/react/114/ff41519ec2fea37643ecae7f87f8e15856247faf/DOMMarkupOperations.js,64, Cross-site scripting due to incomplete sanitization of HTML attribute names,
CVE-2018-6342, CWE-078-CWE-088, https://github.com/facebook/create-react-app.git, 69c3d4b04c233ba9fb9d16691056bd09076177b1, 577a274d8cf829941d848ce10f69d2a4935a9f2a, /vul/CVE-2018-6342/facebook/create-react-app/115/69c3d4b04c233ba9fb9d16691056bd09076177b1/launchEditor.js, /fix/CVE-2018-6342/facebook/create-react-app/115/577a274d8cf829941d848ce10f69d2a4935a9f2a/launchEditor.js,336, Uncontrolled command line,
CVE-2018-7560, CWE-730-CWE-400, https://github.com/myshenin/aws-lambda-multipart-parser.git, 573ade8f4bf41acc7d78029d288f37104a650447, 56ccb03af4dddebc2b2defb348b6558783d5757e, /vul/CVE-2018-7560/myshenin/aws-lambda-multipart-parser/116/573ade8f4bf41acc7d78029d288f37104a650447/index.js, /fix/CVE-2018-7560/myshenin/aws-lambda-multipart-parser/116/56ccb03af4dddebc2b2defb348b6558783d5757e/index.js,10, Regular expression injection,
CVE-2018-7651, CWE-730-CWE-400, https://github.com/npm/ssri.git, 427f4233b0b3dd8c338e69e5cb0a6641df263603, d0ebcdc22cb5c8f47f89716d08b3518b2485d65d, /vul/CVE-2018-7651/npm/ssri/117/427f4233b0b3dd8c338e69e5cb0a6641df263603/index.js, /fix/CVE-2018-7651/npm/ssri/117/d0ebcdc22cb5c8f47f89716d08b3518b2485d65d/index.js,12, Polynomial regular expression used on uncontrolled data,
CVE-2019-10061, CWE-078-CWE-088, https://github.com/peterbraden/node-opencv.git, cfc96ba0af8c13d017d9c72f2c61ec968f1c15fb, 81a4b8620188e89f7e4fc985f3c89b58d4bcc86b, /vul/CVE-2019-10061/peterbraden/node-opencv/119/cfc96ba0af8c13d017d9c72f2c61ec968f1c15fb/find-opencv.js, /fix/CVE-2019-10061/peterbraden/node-opencv/119/81a4b8620188e89f7e4fc985f3c89b58d4bcc86b/find-opencv.js,15, Indirect uncontrolled command line,
CVE-2019-10090, CWE-079-CWE-116, https://github.com/apache/jspwiki.git, 447b5a634dfb6adcc7ff28181cb174aaa1920577, 139746f7c25b84049437d1d9eed9456446a08bf7, /vul/CVE-2019-10090/apache/jspwiki/120/447b5a634dfb6adcc7ff28181cb174aaa1920577/Element.Extend.js, /fix/CVE-2019-10090/apache/jspwiki/120/139746f7c25b84049437d1d9eed9456446a08bf7/Element.Extend.js,530, Client-side cross-site scripting,
CVE-2019-1010091, CWE-116-CWE-020, https://github.com/tinymce/tinymce.git, 8b29e00959cf37cbc9642178e686aea688a162ee, aa516c52d4f2104c36af3d640b2adb22e379f9a4, /vul/CVE-2019-1010091/tinymce/tinymce/121/8b29e00959cf37cbc9642178e686aea688a162ee/SaxParser.ts, /fix/CVE-2019-1010091/tinymce/tinymce/121/aa516c52d4f2104c36af3d640b2adb22e379f9a4/SaxParser.ts,60, Incomplete multi-character sanitization,
CVE-2019-1010266, CWE-730-CWE-400, https://github.com/lodash/lodash.git, 90e6199a161b6445b01454517b40ef65ebecd2ad, 5c08f18d365b64063bfbfa686cbb97cdd6267347, /vul/CVE-2019-1010266/lodash/lodash/122/90e6199a161b6445b01454517b40ef65ebecd2ad/lodash.js, /fix/CVE-2019-1010266/lodash/lodash/122/5c08f18d365b64063bfbfa686cbb97cdd6267347/lodash.js,279, Polynomial regular expression used on uncontrolled data,
CVE-2019-1020012, CWE-444, https://github.com/parse-community/parse-server.git, 54ba9a0f00eaeb7d8c0938dd555f913d58a5fdcd, 8709daf698ea69b59268cb66f0f7cee75b52daa5, /vul/CVE-2019-1020012/parse-community/parse-server/123/54ba9a0f00eaeb7d8c0938dd555f913d58a5fdcd/SchemaController.js, /fix/CVE-2019-1020012/parse-community/parse-server/123/8709daf698ea69b59268cb66f0f7cee75b52daa5/SchemaController.js,399, Denial of Service for any subsequent POST requests,
CVE-2019-10742, CWE-730-CWE-404, https://github.com/axios/axios.git, 047501f7083665e0924f2680846fd8721e6de50d, 0d4fca085b9b44e110f4c5a3dd7384c31abaf756, /vul/CVE-2019-10742/axios/axios/124/047501f7083665e0924f2680846fd8721e6de50d/http.js, /fix/CVE-2019-10742/axios/axios/124/0d4fca085b9b44e110f4c5a3dd7384c31abaf756/http.js,214, Unclosed stream,
CVE-2019-10744, CWE-094-CWE-079-CWE-116, https://github.com/lodash/lodash.git, 1f8ea07746963a535385a5befc19fa687a627d2b, 60eb51791171412bdd7a2bb55415c3821c5240c4, /vul/CVE-2019-10744/lodash/lodash/125/1f8ea07746963a535385a5befc19fa687a627d2b/lodash.js, /fix/CVE-2019-10744/lodash/lodash/125/60eb51791171412bdd7a2bb55415c3821c5240c4/lodash.js,6608, Code injection,
CVE-2019-10745, CWE-078-CWE-079-CWE-094-CWE-400-CWE-915, https://github.com/jonschlinkert/assign-deep.git, edab79f1fe37bb8f78f4d7a4fe205c66885acee3, 90bf1c551d05940898168d04066bbf15060f50cc, /vul/CVE-2019-10745/jonschlinkert/assign-deep/126/edab79f1fe37bb8f78f4d7a4fe205c66885acee3/index.js, /fix/CVE-2019-10745/jonschlinkert/assign-deep/126/90bf1c551d05940898168d04066bbf15060f50cc/index.js,22, Prototype pollution in recursive merge function due to missing filtering of property names `__proto__` and `constructor`,
CVE-2019-10746, CWE-078-CWE-079-CWE-094-CWE-400-CWE-915, https://github.com/jonschlinkert/mixin-deep.git, 9925af763440a50891358d00db0e6a5accc50ee6, 8f464c8ce9761a8c9c2b3457eaeee9d404fa7af9, /vul/CVE-2019-10746/jonschlinkert/mixin-deep/127/9925af763440a50891358d00db0e6a5accc50ee6/index.js, /fix/CVE-2019-10746/jonschlinkert/mixin-deep/127/8f464c8ce9761a8c9c2b3457eaeee9d404fa7af9/index.js,21, Prototype-polluting function,
CVE-2019-10747, CWE-078-CWE-079-CWE-094-CWE-400-CWE-915, https://github.com/jonschlinkert/set-value.git, 7bd5011d82e583305a191a9a062abfe177ec29ad, 95e9d9923f8a8b4a01da1ea138fcc39ec7b6b15f, /vul/CVE-2019-10747/jonschlinkert/set-value/128/7bd5011d82e583305a191a9a062abfe177ec29ad/index.js, /fix/CVE-2019-10747/jonschlinkert/set-value/128/95e9d9923f8a8b4a01da1ea138fcc39ec7b6b15f/index.js,59, Prototype-polluting function,
CVE-2019-10750, CWE-078-CWE-079-CWE-094-CWE-400-CWE-915, https://github.com/alexindigo/deeply.git, d9f59eec37b75ce52038b3fcfb0fd86d4989c0c1, 6eccb2f03ec8d3eefc6805053c4cc2a36aab1505, /vul/CVE-2019-10750/alexindigo/deeply/129/d9f59eec37b75ce52038b3fcfb0fd86d4989c0c1/reduce_object.js, /fix/CVE-2019-10750/alexindigo/deeply/129/6eccb2f03ec8d3eefc6805053c4cc2a36aab1505/reduce_object.js,19, Prototype-polluting function,
CVE-2019-10757, CWE-116, https://github.com/knex/knex.git, 516b0747901c1d3efb4097bb89f2f7bce7e7ba36, 988fb243898d746a759d422762685a79eddf99ca, /vul/CVE-2019-10757/knex/knex/130/516b0747901c1d3efb4097bb89f2f7bce7e7ba36/index.js, /fix/CVE-2019-10757/knex/knex/130/988fb243898d746a759d422762685a79eddf99ca/index.js,210, Replacement of a substring with itself,
CVE-2019-10758, CWE-094-CWE-079-CWE-116, https://github.com/mongo-express/mongo-express.git, 510a6e78e35a67251d5c53ca680ed3b5c6c259a7, c7c9149702d6069aca7913820ad353f52439ab03, /vul/CVE-2019-10758/mongo-express/mongo-express/131/510a6e78e35a67251d5c53ca680ed3b5c6c259a7/bson.js, /fix/CVE-2019-10758/mongo-express/mongo-express/131/c7c9149702d6069aca7913820ad353f52439ab03/bson.js,60, Code injection,
CVE-2019-10759, CWE-94, https://github.com/commenthol/safer-eval.git, 1ff9411b4099e71798cfd822d5b0a536b39f31d5, 25fbbe53e46c54d10b4c583b8f5c659933400ccb, /vul/CVE-2019-10759/commenthol/safer-eval/132/1ff9411b4099e71798cfd822d5b0a536b39f31d5/browser.js, /fix/CVE-2019-10759/commenthol/safer-eval/132/25fbbe53e46c54d10b4c583b8f5c659933400ccb/browser.js,49, sandbox escape / arbitrary code execution,
CVE-2019-10761, CWE-74-CWE-94, https://github.com/patriksimek/vm2.git, 2ac8ff254a71e516e83f6496635fa61420447fa9, 4b22d704e4794af63a5a2d633385fd20948f6f90, /vul/CVE-2019-10761/patriksimek/vm2/133/2ac8ff254a71e516e83f6496635fa61420447fa9/contextify.js, /fix/CVE-2019-10761/patriksimek/vm2/133/4b22d704e4794af63a5a2d633385fd20948f6f90/contextify.js,332, sandbox escape / arbitrary code execution,
CVE-2019-10775, CWE-730, https://github.com/jfhbrook/node-ecstatic.git, dd29df2cedbde4903909ed206acb62dd29782aa7, 72044b89941ada4a5e864d77257b4efb20aef498, /vul/CVE-2019-10775/jfhbrook/node-ecstatic/137/dd29df2cedbde4903909ed206acb62dd29782aa7/ecstatic.js, /fix/CVE-2019-10775/jfhbrook/node-ecstatic/137/72044b89941ada4a5e864d77257b4efb20aef498/ecstatic.js,396, Server crash,
CVE-2019-10776, CWE-078-CWE-088, https://github.com/kellyselden/git-diff-apply.git, bfcc903a961d9f17bde1889cf49745a2dffefd73, 106d61d3ae723b4257c2a13e67b95eb40a27e0b5, /vul/CVE-2019-10776/kellyselden/git-diff-apply/138/bfcc903a961d9f17bde1889cf49745a2dffefd73/run.js, /fix/CVE-2019-10776/kellyselden/git-diff-apply/138/106d61d3ae723b4257c2a13e67b95eb40a27e0b5/run.js,10, Unsafe shell command constructed from library input,
CVE-2019-10777, CWE-078-CWE-088, https://github.com/awspilot/cli-lambda-deploy.git, 3621b27347bdff96b5f444c0e31eba06e527005c, 0985a18bffb265817bc84836c9a65f2bb04a51ac, /vul/CVE-2019-10777/awspilot/cli-lambda-deploy/139/3621b27347bdff96b5f444c0e31eba06e527005c/main.js, /fix/CVE-2019-10777/awspilot/cli-lambda-deploy/139/0985a18bffb265817bc84836c9a65f2bb04a51ac/main.js,187, Uncontrolled command line,
CVE-2019-10778, CWE-078-CWE-088, https://github.com/guybedford/devcert.git, 651bb8ebb97a029be13656c0476d48db85887451, 571f4e6d077f7f21c6aed655ae380d85a7a5d3b8, /vul/CVE-2019-10778/guybedford/devcert/140/651bb8ebb97a029be13656c0476d48db85887451/install-authority.ts, /fix/CVE-2019-10778/guybedford/devcert/140/571f4e6d077f7f21c6aed655ae380d85a7a5d3b8/install-authority.ts,112, Unsafe shell command constructed from library input,
CVE-2019-10781, CWE-668, https://github.com/Atinux/schema-inspector.git, 7f67b2a95f85ecb76d0dc5326d76d082a2b99e1f, 345a7b2eed11bb6128421150d65f4f83fdbb737d, /vul/CVE-2019-10781/Atinux/schema-inspector/141/7f67b2a95f85ecb76d0dc5326d76d082a2b99e1f/schema-inspector.js, /fix/CVE-2019-10781/Atinux/schema-inspector/141/345a7b2eed11bb6128421150d65f4f83fdbb737d/schema-inspector.js,83, A maliciously crafted JavaScript object can bypass the sanitize() and the validate() function.,
CVE-2019-10785, CWE-116-CWE-020, https://github.com/dojo/dojox.git, d6b93d9e76752363a402bef31473ce2d2ae356d7, 6eb278356ca7b0ac7e9cba6067fcf077d2e3ad9a, /vul/CVE-2019-10785/dojo/dojox/142/d6b93d9e76752363a402bef31473ce2d2ae356d7/util.js, /fix/CVE-2019-10785/dojo/dojox/142/6eb278356ca7b0ac7e9cba6067fcf077d2e3ad9a/util.js,7, Incomplete string escaping or encoding,
CVE-2019-11358, CWE-078-CWE-079-CWE-094-CWE-400-CWE-915, https://github.com/jquery/jquery.git, 669f720edc4f557dfef986db747c09ebfaa16ef5, 753d591aea698e57d6db58c9f722cd0808619b1b, /vul/CVE-2019-11358/jquery/jquery/143/669f720edc4f557dfef986db747c09ebfaa16ef5/core.js, /fix/CVE-2019-11358/jquery/jquery/143/753d591aea698e57d6db58c9f722cd0808619b1b/core.js,182, Prototype-polluting function,
CVE-2019-12041, CWE-399, https://github.com/probablyup/markdown-to-jsx.git, 9570018bac22c759899be839089cc33d3d739af0, dab7b5d7bc82c829920cc74a9f959c7750725b00, /vul/CVE-2019-12041/probablyup/markdown-to-jsx/144/9570018bac22c759899be839089cc33d3d739af0/index.js, /fix/CVE-2019-12041/probablyup/markdown-to-jsx/144/dab7b5d7bc82c829920cc74a9f959c7750725b00/index.js,726, Regular expression denial of service (redos),
CVE-2019-12043, CWE-79, https://github.com/jonschlinkert/remarkable.git, 4ad13a078a8d9a7712b4992b4ba868db81b6f75a, 92d79a99c39a29665f7f4fabc9593f1b30924ca9, /vul/CVE-2019-12043/jonschlinkert/remarkable/145/4ad13a078a8d9a7712b4992b4ba868db81b6f75a/parse_link_destination.js, /fix/CVE-2019-12043/jonschlinkert/remarkable/145/92d79a99c39a29665f7f4fabc9593f1b30924ca9/parse_link_destination.js,52, Incomplete sanitization of control characters,
CVE-2019-12313, CWE-079-CWE-116, https://github.com/dollarshaveclub/shave.git, 0e0365d5f1b0d175b0c5ccf4abd040884ce0d8aa, 1876911e423c00fdda643ef724d956b3d324d5c2, /vul/CVE-2019-12313/dollarshaveclub/shave/146/0e0365d5f1b0d175b0c5ccf4abd040884ce0d8aa/shave.js, /fix/CVE-2019-12313/dollarshaveclub/shave/146/1876911e423c00fdda643ef724d956b3d324d5c2/shave.js,62, DOM text reinterpreted as HTML,
CVE-2019-13127, CWE-079-CWE-116, https://github.com/jgraph/mxgraph.git, 33911ed7e055c17b74d0367f5f1f6c9ee4b4fd44, 76e8e2809b622659a9c5ffdc4f19922b7a68cfa3, /vul/CVE-2019-13127/jgraph/mxgraph/147/33911ed7e055c17b74d0367f5f1f6c9ee4b4fd44/Format.js, /fix/CVE-2019-13127/jgraph/mxgraph/147/76e8e2809b622659a9c5ffdc4f19922b7a68cfa3/Format.js,1047, Client-side cross-site scripting,
CVE-2019-13173, CWE-022, https://github.com/npm/fstream.git, 1e4527ffe8688d4f5325283d7cf2cf2d61f14c6b, 6a77d2fa6e1462693cf8e46f930da96ec1b0bb22, /vul/CVE-2019-13173/npm/fstream/148/1e4527ffe8688d4f5325283d7cf2cf2d61f14c6b/writer.js, /fix/CVE-2019-13173/npm/fstream/148/6a77d2fa6e1462693cf8e46f930da96ec1b0bb22/writer.js,151," Arbitrary file write during zip extraction (""Zip Slip"")",
CVE-2019-13506, CWE-094-CWE-079-CWE-116, https://github.com/Rich-Harris/devalue.git, 751ed46deb404f5ed5d3ed49ee400903792530d5, 14cae90d1fcd5e0083e3a1741238e017684890d7, /vul/CVE-2019-13506/Rich-Harris/devalue/149/751ed46deb404f5ed5d3ed49ee400903792530d5/index.ts, /fix/CVE-2019-13506/Rich-Harris/devalue/149/14cae90d1fcd5e0083e3a1741238e017684890d7/index.ts,190, Improper code sanitization,
CVE-2019-14772, CWE-079-CWE-116, https://github.com/verdaccio/verdaccio.git, 0b1b3556d9c043857f9bb789197f6d012876e484, 5abf71c5e5b1ad190b9cb489b85d96f5f801342b, /vul/CVE-2019-14772/verdaccio/verdaccio/150/0b1b3556d9c043857f9bb789197f6d012876e484/index.js, /fix/CVE-2019-14772/verdaccio/verdaccio/150/5abf71c5e5b1ad190b9cb489b85d96f5f801342b/index.js,8, Client-side cross-site scripting,
CVE-2019-14862, CWE-079-CWE-116, https://github.com/knockout/knockout.git, 4d63fceb26acc6de6cdae25bbe12bad57ba2c6f6, 7e280b2b8a04cc19176b5171263a5c68bda98efb, /vul/CVE-2019-14862/knockout/knockout/151/4d63fceb26acc6de6cdae25bbe12bad57ba2c6f6/utils.js, /fix/CVE-2019-14862/knockout/knockout/151/7e280b2b8a04cc19176b5171263a5c68bda98efb/utils.js,485, DOM text reinterpreted as HTML,
CVE-2019-15478, CWE-079-CWE-116, https://github.com/jameswlane/status-board.git, 115ccc389749a7a946d4e60563f1791ee2f39f7d, 1db3afd9332f5d743bc02143ae059bf21500600d, /vul/CVE-2019-15478/jameswlane/status-board/152/115ccc389749a7a946d4e60563f1791ee2f39f7d/logic.ts, /fix/CVE-2019-15478/jameswlane/status-board/152/1db3afd9332f5d743bc02143ae059bf21500600d/logic.ts,44, Reflected cross-site scripting,
CVE-2019-15479, CWE-079-CWE-116, https://github.com/jameswlane/status-board.git, 115ccc389749a7a946d4e60563f1791ee2f39f7d, 19106617865406aa6f8edec036dcb1db427d5f71, /vul/CVE-2019-15479/jameswlane/status-board/153/115ccc389749a7a946d4e60563f1791ee2f39f7d/dashboard.ts, /fix/CVE-2019-15479/jameswlane/status-board/153/19106617865406aa6f8edec036dcb1db427d5f71/dashboard.ts,94, Reflected cross-site scripting,
CVE-2019-15482, CWE-079-CWE-116, https://github.com/SLMNBJ/selectize-plugin-a11y.git, 0824359781d57f1e629c866584e1c64e03ceae6f, 99c14f7644fdfc815625d7b54829e6c2dca31a8b, /vul/CVE-2019-15482/SLMNBJ/selectize-plugin-a11y/154/0824359781d57f1e629c866584e1c64e03ceae6f/selectize-plugin-a11y.js, /fix/CVE-2019-15482/SLMNBJ/selectize-plugin-a11y/154/99c14f7644fdfc815625d7b54829e6c2dca31a8b/selectize-plugin-a11y.js,28, DOM text reinterpreted as HTML,
CVE-2019-15532, CWE-079-CWE-116, https://github.com/gchq/CyberChef.git, 38ff7ec89f595dbe5971c3577fa29a142b4b2416, 01f0625d6a177f9c5df9281f12a27c814c2d8bcf, /vul/CVE-2019-15532/gchq/CyberChef/155/38ff7ec89f595dbe5971c3577fa29a142b4b2416/TextEncodingBruteForce.mjs, /fix/CVE-2019-15532/gchq/CyberChef/155/01f0625d6a177f9c5df9281f12a27c814c2d8bcf/TextEncodingBruteForce.mjs,82, Client-side cross-site scripting,
CVE-2019-15657, CWE-94, https://github.com/mysticatea/eslint-utils.git, 587cca2f82c245f5fc4a8b9fb2cf6b35c0d02552, 08158db1c98fd71cf0f32ddefbc147e2620e724c, /vul/CVE-2019-15657/mysticatea/eslint-utils/156/587cca2f82c245f5fc4a8b9fb2cf6b35c0d02552/get-static-value.js, /fix/CVE-2019-15657/mysticatea/eslint-utils/156/08158db1c98fd71cf0f32ddefbc147e2620e724c/get-static-value.js,179, Arbitrary Code Execution,
CVE-2019-15658, CWE-089, https://github.com/voxpelli/node-connect-pg-simple.git, 5779bd26e7374028771141366b419a13778c84a6, df61c9507f804ba72803e4f567c3cbcfa0a9d7e1, /vul/CVE-2019-15658/voxpelli/node-connect-pg-simple/157/5779bd26e7374028771141366b419a13778c84a6/index.js, /fix/CVE-2019-15658/voxpelli/node-connect-pg-simple/157/df61c9507f804ba72803e4f567c3cbcfa0a9d7e1/index.js,170, Database query built from user-controlled sources,
CVE-2019-15782, CWE-079-CWE-116, https://github.com/webtorrent/webtorrent.git, 885a20066363c88563aa02931c3c43da5c1a1868, 22546df6d9ba9ca4523142d98b5e70f6db213f3e, /vul/CVE-2019-15782/webtorrent/webtorrent/158/885a20066363c88563aa02931c3c43da5c1a1868/server.js, /fix/CVE-2019-15782/webtorrent/webtorrent/158/22546df6d9ba9ca4523142d98b5e70f6db213f3e/server.js,156, Reflected cross-site scripting,
CVE-2019-16763, CWE-020, https://github.com/mpetroff/pannellum.git, f42e80facb41bb97321a0e2056d9ef5a4779e627, cc2f3d99953de59db908e0c6efd1c2c17f7c6914, /vul/CVE-2019-16763/mpetroff/pannellum/159/f42e80facb41bb97321a0e2056d9ef5a4779e627/pannellum.js, /fix/CVE-2019-16763/mpetroff/pannellum/159/cc2f3d99953de59db908e0c6efd1c2c17f7c6914/pannellum.js,2384, Incomplete URL scheme check,
CVE-2019-16769, CWE-79, https://github.com/yahoo/serialize-javascript.git, 3bab6dee8db7317310a97af5d28f0f0479d21930, 16a68ab53d9626fc7c942b48a1163108fcd184c8, /vul/CVE-2019-16769/yahoo/serialize-javascript/160/3bab6dee8db7317310a97af5d28f0f0479d21930/index.js, /fix/CVE-2019-16769/yahoo/serialize-javascript/160/16a68ab53d9626fc7c942b48a1163108fcd184c8/index.js,191, cross-site scripting due to unsafe characters in serialized regular expressions,
CVE-2019-17495, CWE-79, https://github.com/swagger-api/swagger-ui.git, c8ad396301ca55075234009e8384ca968b950aab, 5f6ec8ce1d0e06ad20a243e1b79a6e68373ce8f5, /vul/CVE-2019-17495/swagger-api/swagger-ui/161/c8ad396301ca55075234009e8384ca968b950aab/markdown.jsx, /fix/CVE-2019-17495/swagger-api/swagger-ui/161/5f6ec8ce1d0e06ad20a243e1b79a6e68373ce8f5/markdown.jsx,41, Cascading Style Sheets injection,
CVE-2019-17592, CWE-730-CWE-400, https://github.com/adaltas/node-csv-parse.git, 76d96e16b166f745bcb137f0535724f4d3584f1c, b9d35940c6815cdf1dfd6b21857a1f6d0fd51e4a, /vul/CVE-2019-17592/adaltas/node-csv-parse/162/76d96e16b166f745bcb137f0535724f4d3584f1c/index.js, /fix/CVE-2019-17592/adaltas/node-csv-parse/162/b9d35940c6815cdf1dfd6b21857a1f6d0fd51e4a/index.js,760, Polynomial regular expression used on uncontrolled data,
CVE-2019-18350, CWE-079-CWE-116-CWE-601, https://github.com/ant-design/ant-design-pro.git, 0ad1fb3109f9864fc728bd7c6ebcb99e248d9f25, 840034ca90a66ebe7835934cffcb85654e86f593, /vul/CVE-2019-18350/ant-design/ant-design-pro/163/0ad1fb3109f9864fc728bd7c6ebcb99e248d9f25/login.ts, /fix/CVE-2019-18350/ant-design/ant-design-pro/163/840034ca90a66ebe7835934cffcb85654e86f593/login.ts,56, Client-side URL redirect,
CVE-2019-18818, CWE-089, https://github.com/strapi/strapi.git, 10e39516b6abbcfd3beed22a14e66b0afab5adf6, e0424d4b880831dd643afff9c6ba475acdbae0be, /vul/CVE-2019-18818/strapi/strapi/164/10e39516b6abbcfd3beed22a14e66b0afab5adf6/Auth.js, /fix/CVE-2019-18818/strapi/strapi/164/e0424d4b880831dd643afff9c6ba475acdbae0be/Auth.js,253, Database query built from user-controlled sources,
CVE-2019-18954, CWE-754, https://github.com/NetEase/pomelo.git, c5347270b63efc888ba8260f612e2636412ae557, 5b999c56c7244e23e5003878402a3c54ab51ed8c, /vul/CVE-2019-18954/NetEase/pomelo/165/c5347270b63efc888ba8260f612e2636412ae557/handlerService.js, /fix/CVE-2019-18954/NetEase/pomelo/165/5b999c56c7244e23e5003878402a3c54ab51ed8c/handlerService.js,59, Unvalidated dynamic method call,
CVE-2019-19507, CWE-807-CWE-290, https://github.com/manvel-khnkoyan/jpv.git, e93d2f68126f837707427ff6019c448611fe1a1b, fdab85599fd92aea87af35fb4c52ba26ccbdd427, /vul/CVE-2019-19507/manvel-khnkoyan/jpv/166/e93d2f68126f837707427ff6019c448611fe1a1b/index.js, /fix/CVE-2019-19507/manvel-khnkoyan/jpv/166/fdab85599fd92aea87af35fb4c52ba26ccbdd427/index.js,122, User-controlled bypass of security check,
CVE-2019-20149, CWE-668-CWE-20, https://github.com/jonschlinkert/kind-of.git, 4da96c0047906d22a4d6964a668d3abaca122e50, 1df992ce6d5a1292048e5fe9c52c5382f941ee0b, /vul/CVE-2019-20149/jonschlinkert/kind-of/167/4da96c0047906d22a4d6964a668d3abaca122e50/index.js, /fix/CVE-2019-20149/jonschlinkert/kind-of/167/1df992ce6d5a1292048e5fe9c52c5382f941ee0b/index.js,69, improper input validation,
CVE-2019-20174, CWE-079-CWE-116, https://github.com/auth0/lock.git, ecd249397d611fcfc381e6e00e51c8ecdb37d1ad, 6c15e5659c21cd814ea119af5c51b61399598dd5, /vul/CVE-2019-20174/auth0/lock/168/ecd249397d611fcfc381e6e00e51c8ecdb37d1ad/checkbox_input.jsx, /fix/CVE-2019-20174/auth0/lock/168/6c15e5659c21cd814ea119af5c51b61399598dd5/checkbox_input.jsx,18, Client-side cross-site scripting,
CVE-2019-5413, CWE-094-CWE-079-CWE-116, https://github.com/expressjs/morgan.git, eb1968ac69a3d1ad98bacd06b738e9125630c3d3, e329663836809de4be557b200a5b983ab8b4e6c2, /vul/CVE-2019-5413/expressjs/morgan/169/eb1968ac69a3d1ad98bacd06b738e9125630c3d3/index.js, /fix/CVE-2019-5413/expressjs/morgan/169/e329663836809de4be557b200a5b983ab8b4e6c2/index.js,391, Code injection,
CVE-2019-5414, CWE-078-CWE-088, https://github.com/tiaanduplessis/kill-port.git, 6963218ea712c60f3c165567abc8441905f28384, 52d4e56243557411c558a55c6caffe8675335850, /vul/CVE-2019-5414/tiaanduplessis/kill-port/170/6963218ea712c60f3c165567abc8441905f28384/index.js, /fix/CVE-2019-5414/tiaanduplessis/kill-port/170/52d4e56243557411c558a55c6caffe8675335850/index.js,17, Indirect uncontrolled command line,
CVE-2019-5423, CWE-116-CWE-020, https://github.com/prahladyeri/http-live-simulator.git, 8e85a1be562248d0d616c0e5092a3d71bbf5fe5f, 354644525f1626c5921abac10913c0d47f1f1433, /vul/CVE-2019-5423/prahladyeri/http-live-simulator/171/8e85a1be562248d0d616c0e5092a3d71bbf5fe5f/http-live, /fix/CVE-2019-5423/prahladyeri/http-live-simulator/171/354644525f1626c5921abac10913c0d47f1f1433/http-live,72, Incomplete string escaping or encoding,
CVE-2019-5444, CWE-022-CWE-023-CWE-036-CWE-073-CWE-099, https://github.com/ChristoPy/serve-here.js.git, ad077637bf7a9fe0dee3262f011aed19a45ce92c, cefb51d03290b6a88dd13143ab2de31b8cf57c39, /vul/CVE-2019-5444/ChristoPy/serve-here/172/ad077637bf7a9fe0dee3262f011aed19a45ce92c/server.js, /fix/CVE-2019-5444/ChristoPy/serve-here/172/cefb51d03290b6a88dd13143ab2de31b8cf57c39/server.js,26, Uncontrolled data used in path expression,
CVE-2019-5479, CWE-022-CWE-023-CWE-036-CWE-073-CWE-099, https://github.com/larvit/larvitbase-api.git, 9c274f96e113ff9479fce7a6da8bc5cefb5f5d78, 0e953337e75770abdcc0a8bb71932a44d2239514, /vul/CVE-2019-5479/larvit/larvitbase-api/173/9c274f96e113ff9479fce7a6da8bc5cefb5f5d78/index.js, /fix/CVE-2019-5479/larvit/larvitbase-api/173/0e953337e75770abdcc0a8bb71932a44d2239514/index.js,172, Uncontrolled data used in path expression,
CVE-2019-5483, CWE-312-CWE-315-CWE-359, https://github.com/senecajs/seneca.git, f505dc6dd375c1837e12ffa359f118a082d114f4, b0565ba52048b83783186876cec23dd3f851e9ff, /vul/CVE-2019-5483/senecajs/seneca/174/f505dc6dd375c1837e12ffa359f118a082d114f4/print.js, /fix/CVE-2019-5483/senecajs/seneca/174/b0565ba52048b83783186876cec23dd3f851e9ff/print.js,138, Clear-text logging of sensitive information,
CVE-2019-5484, CWE-022, https://github.com/bower/bower.git, 4f68fc7daa4d6f0a3dfd0da2afdbb8f0b87558af, 45c6bfa86f6e57731b153baca9e0b41a1cc699e3, /vul/CVE-2019-5484/bower/bower/175/4f68fc7daa4d6f0a3dfd0da2afdbb8f0b87558af/extract.js, /fix/CVE-2019-5484/bower/bower/175/45c6bfa86f6e57731b153baca9e0b41a1cc699e3/extract.js,65," Arbitrary file write during zip extraction (""Zip Slip"")",
CVE-2019-8331, CWE-079-CWE-116, https://github.com/twbs/bootstrap.git, bf2515ae68f1d89e8b795478aec90f8db61159e5, 7bc4d2e0bc65151b6f60dccad50c9c8f50252bd6, /vul/CVE-2019-8331/twbs/bootstrap/176/bf2515ae68f1d89e8b795478aec90f8db61159e5/tooltip.js, /fix/CVE-2019-8331/twbs/bootstrap/176/7bc4d2e0bc65151b6f60dccad50c9c8f50252bd6/tooltip.js,433, DOM text reinterpreted as HTML,
CVE-2019-8903, CWE-116-CWE-020, https://github.com/totaljs/framework.git, e2f38981c2cbd5c8edb540e031626fa1017edef6, c37cafbf3e379a98db71c1125533d1e8d5b5aef7, /vul/CVE-2019-8903/totaljs/framework/177/e2f38981c2cbd5c8edb540e031626fa1017edef6/index.js, /fix/CVE-2019-8903/totaljs/framework/177/c37cafbf3e379a98db71c1125533d1e8d5b5aef7/index.js,7330, Incomplete multi-character sanitization,
CVE-2019-9844, CWE-020, https://github.com/Khan/simple-markdown.git, 74c304d65ca77fdf5357398d893a6a498c78193f, 8ad751f8333ce136d1a0a120d78596a30eb1e1d9, /vul/CVE-2019-9844/Khan/simple-markdown/178/74c304d65ca77fdf5357398d893a6a498c78193f/simple-markdown.js, /fix/CVE-2019-9844/Khan/simple-markdown/178/8ad751f8333ce136d1a0a120d78596a30eb1e1d9/simple-markdown.js,564, Incomplete URL scheme check,
CVE-2020-11021, CWE-200, https://github.com/actions/http-client.git, cde0b32926ae7938c148121d11271f4cb1f5a57f, f6aae3dda4f4c9dc0b49737b36007330f78fd53a, /vul/CVE-2020-11021/actions/http-client/179/cde0b32926ae7938c148121d11271f4cb1f5a57f/index.ts, /fix/CVE-2020-11021/actions/http-client/179/f6aae3dda4f4c9dc0b49737b36007330f78fd53a/index.ts,482, Authorization headers are sent to untrusted host,
CVE-2020-11022, CWE-079-CWE-116, https://github.com/jquery/jquery.git, 04bf577e2f961c9dde85ddadc77f71bc7bc671cc, 1d61fd9407e6fbe82fe55cb0b938307aa0791f77, /vul/CVE-2020-11022/jquery/jquery/180/04bf577e2f961c9dde85ddadc77f71bc7bc671cc/manipulation.js, /fix/CVE-2020-11022/jquery/jquery/180/1d61fd9407e6fbe82fe55cb0b938307aa0791f77/manipulation.js,239, Expansion of *sanitsed* self-closing HTML tags may introduce new mXSS vulnerabilities,
CVE-2020-11059, CWE-312-CWE-315-CWE-359, https://github.com/ipfs/aegir.git, 0554d925af93ed9cc9355202769fa6bc2947943e, e36e1def57b2dc1e4b7a5beba964c5924e87f8d8, /vul/CVE-2020-11059/ipfs/aegir/181/0554d925af93ed9cc9355202769fa6bc2947943e/webpack.config.js, /fix/CVE-2020-11059/ipfs/aegir/181/e36e1def57b2dc1e4b7a5beba964c5924e87f8d8/webpack.config.js,111, Build artifact created by `webpack.DefinePlugin` includes sensitive `process.env` values,
CVE-2020-11079, CWE-078-CWE-088, https://github.com/skoranga/node-dns-sync.git, 93b8034e9475ae65102dac15fffe065616fede1b, cb10a5ac7913eacc031ade7d91596277f31645dc, /vul/CVE-2020-11079/skoranga/node-dns-sync/182/93b8034e9475ae65102dac15fffe065616fede1b/dns-sync.js, /fix/CVE-2020-11079/skoranga/node-dns-sync/182/cb10a5ac7913eacc031ade7d91596277f31645dc/dns-sync.js,34, Unsafe shell command constructed from library input,
CVE-2020-12265, CWE-022, https://github.com/kevva/decompress.git, 74a462a139cc2561b6695e696266c8dc31562d3d, 967146e70f48be32ed1a69daa3941d681944d513, /vul/CVE-2020-12265/kevva/decompress/183/74a462a139cc2561b6695e696266c8dc31562d3d/index.js, /fix/CVE-2020-12265/kevva/decompress/183/967146e70f48be32ed1a69daa3941d681944d513/index.js,50," Arbitrary file write during zip extraction (""Zip Slip"")",
CVE-2020-14000, CWE-079-CWE-116-CWE-601, https://github.com/LLK/scratch-vm.git, b67ba75d8b1df4268a9d6727bbc4f32f153c9131, 90b9da45f4084958535338d1c4d71a22d6136aab, /vul/CVE-2020-14000/LLK/scratch-vm/184/b67ba75d8b1df4268a9d6727bbc4f32f153c9131/extension-worker.js, /fix/CVE-2020-14000/LLK/scratch-vm/184/90b9da45f4084958535338d1c4d71a22d6136aab/extension-worker.js,20, Client-side URL redirect,
CVE-2020-15092, CWE-079-CWE-116, https://github.com/NUKnightLab/TimelineJS3.git, d3b01141fb00a64233d9fc089c917864c1cd4712, cd4d0c60ca1eaad164bdf7935ffab2eb7a68459d, /vul/CVE-2020-15092/NUKnightLab/TimelineJS3/185/d3b01141fb00a64233d9fc089c917864c1cd4712/TL.Media.js, /fix/CVE-2020-15092/NUKnightLab/TimelineJS3/185/cd4d0c60ca1eaad164bdf7935ffab2eb7a68459d/TL.Media.js,263, Stored cross-site scripting,
CVE-2020-15095, CWE-312-CWE-315-CWE-359, https://github.com/npm/cli.git, 479e45c03be7b452cbe346e96c750d36597c3eb6, a9857b8f6869451ff058789c4631fadfde5bbcbc, /vul/CVE-2020-15095/npm/cli/186/479e45c03be7b452cbe346e96c750d36597c3eb6/fetch-package-metadata.js, /fix/CVE-2020-15095/npm/cli/186/a9857b8f6869451ff058789c4631fadfde5bbcbc/fetch-package-metadata.js,22, Clear-text logging of sensitive information,
CVE-2020-15119, CWE-079-CWE-116, https://github.com/auth0/lock.git, 195b5d20ba57060252318fa82135c9fc11a41d9c, 3711fb5b42afd40073a61a58759251f51e768b1b, /vul/CVE-2020-15119/auth0/lock/187/195b5d20ba57060252318fa82135c9fc11a41d9c/i18n.js, /fix/CVE-2020-15119/auth0/lock/187/3711fb5b42afd40073a61a58759251f51e768b1b/i18n.js,18, Client-side cross-site scripting,
CVE-2020-15123, CWE-078-CWE-088, https://github.com/codecov/codecov-node.git, 5f6cc62d4f83bf3a75c973868259798814cd231e, c0711c656686e902af2cd92d6aecc8074de4d83d, /vul/CVE-2020-15123/codecov/codecov-node/188/5f6cc62d4f83bf3a75c973868259798814cd231e/codecov.js, /fix/CVE-2020-15123/codecov/codecov-node/188/c0711c656686e902af2cd92d6aecc8074de4d83d/codecov.js,478, Unsafe shell command constructed from library input,
CVE-2020-15135, CWE-352, https://github.com/Neztore/save-server.git, ab7f29a8acb0812b2c65d0683966e4ffd849cb23, 05409a72dfb3d41eb497079f40a4b8e1ff8b4a61, /vul/CVE-2020-15135/Neztore/save-server/189/ab7f29a8acb0812b2c65d0683966e4ffd849cb23/users.js, /fix/CVE-2020-15135/Neztore/save-server/189/05409a72dfb3d41eb497079f40a4b8e1ff8b4a61/users.js,68, Missing CSRF middleware,
CVE-2020-15138, CWE-079-CWE-116, https://github.com/PrismJS/prism.git, 158caf52343e59a66c2351ff1d83648efe871e33, 8bba4880202ef6bd7a1e379fe9aebe69dd75f7be, /vul/CVE-2020-15138/PrismJS/prism/190/158caf52343e59a66c2351ff1d83648efe871e33/prism-previewers.js, /fix/CVE-2020-15138/PrismJS/prism/190/8bba4880202ef6bd7a1e379fe9aebe69dd75f7be/prism-previewers.js,356, Client-side cross-site scripting,
CVE-2020-15152, CWE-918, https://github.com/autovance/ftp-srv.git, 296573ae017d137a0b4268a96ea45b753bd66305, e449e75219d918c400dec65b4b0759f60476abca, /vul/CVE-2020-15152/autovance/ftp-srv/191/296573ae017d137a0b4268a96ea45b753bd66305/active.js, /fix/CVE-2020-15152/autovance/ftp-srv/191/e449e75219d918c400dec65b4b0759f60476abca/active.js,32, Uncontrolled data used in network request,
CVE-2020-15156, CWE-352, https://github.com/psychobunny/nodebb-plugin-blog-comments.git, ed0156594a44c6429743e314e9b5a313fad60730, cf43beedb05131937ef46f365ab0a0c6fa6ac618, /vul/CVE-2020-15156/psychobunny/nodebb-plugin-blog-comments/192/ed0156594a44c6429743e314e9b5a313fad60730/library.js, /fix/CVE-2020-15156/psychobunny/nodebb-plugin-blog-comments/192/cf43beedb05131937ef46f365ab0a0c6fa6ac618/library.js,251, Missing CSRF middleware,
CVE-2020-15256, CWE-078-CWE-079-CWE-094-CWE-400-CWE-915, https://github.com/mariocasciaro/object-path.git, 404223bc2d6c1cf4dc9cd96a7af8dd6a0e851651, 2be3354c6c46215c7635eb1b76d80f1319403c68, /vul/CVE-2020-15256/mariocasciaro/object-path/193/404223bc2d6c1cf4dc9cd96a7af8dd6a0e851651/index.js, /fix/CVE-2020-15256/mariocasciaro/object-path/193/2be3354c6c46215c7635eb1b76d80f1319403c68/index.js,117, Prototype-polluting function,
CVE-2020-26226, CWE-116, https://github.com/semantic-release/semantic-release.git, 63fa143023aa3b54e9a9231c7625549ef4d7f17a, ca90b34c4a9333438cc4d69faeb43362bb991e5a, /vul/CVE-2020-26226/semantic-release/semantic-release/194/63fa143023aa3b54e9a9231c7625549ef4d7f17a/hide-sensitive.js, /fix/CVE-2020-26226/semantic-release/semantic-release/194/ca90b34c4a9333438cc4d69faeb43362bb991e5a/hide-sensitive.js,16, Incomplete sanitization of of sensitive values in the presence of url-encoding.,
CVE-2020-26256, CWE-730-CWE-400, https://github.com/C2FO/fast-csv.git, 1d18b894236687a5865ea70647010c1697a61d6d, 4bbd39f26a8cd7382151ab4f5fb102234b2f829e, /vul/CVE-2020-26256/C2FO/fast-csv/195/1d18b894236687a5865ea70647010c1697a61d6d/Parser.ts, /fix/CVE-2020-26256/C2FO/fast-csv/195/4bbd39f26a8cd7382151ab4f5fb102234b2f829e/Parser.ts,7, Inefficient regular expression for strings containing many repetitions of ' ,'.
CVE-2020-27666, CWE-079-CWE-116, https://github.com/strapi/strapi.git, 4d00bc09b8bd7c0938e2d54f480d503560fcb45e, aedac987254f9613b33c29dbd1450fece3b5c882, /vul/CVE-2020-27666/strapi/strapi/196/4d00bc09b8bd7c0938e2d54f480d503560fcb45e/index.js, /fix/CVE-2020-27666/strapi/strapi/196/aedac987254f9613b33c29dbd1450fece3b5c882/index.js,20, XSS in markdown WYSIWYG previewer due to lack of HTML sanitization.,
CVE-2020-4051, CWE-079-CWE-116, https://github.com/dojo/dijit.git, d7294be76dd7b251980fe033b1901fa4135f4f4a, 462bdcd60d0333315fe69ab4709c894d78f61301, /vul/CVE-2020-4051/dojo/dijit/197/d7294be76dd7b251980fe033b1901fa4135f4f4a/RichText.js, /fix/CVE-2020-4051/dojo/dijit/197/462bdcd60d0333315fe69ab4709c894d78f61301/RichText.js,2180, Client-side cross-site scripting,
CVE-2020-4059, CWE-078-CWE-088, https://github.com/mikaelbr/mversion.git, 04df60b7e4e5f6068519dee9d1675de3485b0277, 6c76c9efd27c7ff5a5c6f187e8b7a435c4722338, /vul/CVE-2020-4059/mikaelbr/mversion/198/04df60b7e4e5f6068519dee9d1675de3485b0277/git.js, /fix/CVE-2020-4059/mikaelbr/mversion/198/6c76c9efd27c7ff5a5c6f187e8b7a435c4722338/git.js,49, Unsafe shell command constructed from library input,
CVE-2020-4066, CWE-078-CWE-088, https://github.com/erelsgl/limdu.git, 92c045d30de99fd490627d0c4b441d532b0e4a83, 03475a6a6bb253de6fad8f7f39cfb3504f11438d, /vul/CVE-2020-4066/erelsgl/limdu/199/92c045d30de99fd490627d0c4b441d532b0e4a83/SvmLinear.js, /fix/CVE-2020-4066/erelsgl/limdu/199/03475a6a6bb253de6fad8f7f39cfb3504f11438d/SvmLinear.js,103, Unsafe shell command constructed from library input,
CVE-2020-5251, CWE-089, https://github.com/parse-community/parse-server.git, bde8ab6d55e4da556d0e77eb29d4953ca34eeace, 3a3a5eee5ffa48da1352423312cb767de14de269, /vul/CVE-2020-5251/parse-community/parse-server/200/bde8ab6d55e4da556d0e77eb29d4953ca34eeace/RestQuery.js, /fix/CVE-2020-5251/parse-community/parse-server/200/3a3a5eee5ffa48da1352423312cb767de14de269/RestQuery.js,667, Database query built from user-controlled sources,
CVE-2020-5258, CWE-078-CWE-079-CWE-094-CWE-400-CWE-915, https://github.com/dojo/dojo.git, 35d1141221f9885682c067abae296393e611e968, 20a00afb68f5587946dc76fbeaa68c39bda2171d, /vul/CVE-2020-5258/dojo/dojo/201/35d1141221f9885682c067abae296393e611e968/util.js, /fix/CVE-2020-5258/dojo/dojo/201/20a00afb68f5587946dc76fbeaa68c39bda2171d/util.js,61, Prototype-polluting function,
CVE-2020-6836, CWE-094-CWE-079-CWE-116, https://github.com/handsontable/formula-parser.git, 944136096f44ff4ffd4ba0bcef30970ca4702fce, 396b089738d4bf30eb570a4fe6a188affa95cd5e, /vul/CVE-2020-6836/handsontable/formula-parser/202/944136096f44ff4ffd4ba0bcef30970ca4702fce/grammar-parser.js, /fix/CVE-2020-6836/handsontable/formula-parser/202/396b089738d4bf30eb570a4fe6a188affa95cd5e/grammar-parser.js,226, Code injection,
CVE-2020-7638, CWE-078-CWE-079-CWE-094-CWE-400-CWE-915, https://github.com/davideicardi/confinit.git, d6c022c35aaee0794494651a4341fadd2db2b471, a34e06ca5c1c8b047ef112ef188b2fe30d2a1eab, /vul/CVE-2020-7638/davideicardi/confinit/203/d6c022c35aaee0794494651a4341fadd2db2b471/index.ts, /fix/CVE-2020-7638/davideicardi/confinit/203/a34e06ca5c1c8b047ef112ef188b2fe30d2a1eab/index.ts,108, Prototype-polluting function,
CVE-2020-7656, CWE-116-CWE-020, https://github.com/jquery/jquery.git, c27dc018e22260b6ad084dff4505172e6b107178, a938d7b1282fc0e5c52502c225ae8f0cef219f0a, /vul/CVE-2020-7656/jquery/jquery/204/c27dc018e22260b6ad084dff4505172e6b107178/ajax.js, /fix/CVE-2020-7656/jquery/jquery/204/a938d7b1282fc0e5c52502c225ae8f0cef219f0a/ajax.js,190, Incomplete multi-character sanitization,
CVE-2020-7660, CWE-502, https://github.com/yahoo/serialize-javascript.git, 1ac487ed828762eb490ad87022b6b354e0772284, f21a6fb3ace2353413761e79717b2d210ba6ccbd, /vul/CVE-2020-7660/yahoo/serialize-javascript/205/1ac487ed828762eb490ad87022b6b354e0772284/index.js, /fix/CVE-2020-7660/yahoo/serialize-javascript/205/f21a6fb3ace2353413761e79717b2d210ba6ccbd/index.js,10, Remote code execution,
CVE-2020-7662, CWE-730-CWE-400, https://github.com/faye/websocket-extensions-node.git, 4a76c75efb1c5d6a2f60550e9501757458d19533, 29496f6838bfadfe5a2f85dff33ed0ba33873237, /vul/CVE-2020-7662/faye/websocket-extensions-node/206/4a76c75efb1c5d6a2f60550e9501757458d19533/parser.js, /fix/CVE-2020-7662/faye/websocket-extensions-node/206/29496f6838bfadfe5a2f85dff33ed0ba33873237/parser.js,5, Inefficient regular expression,
CVE-2020-7699, CWE-078-CWE-079-CWE-094-CWE-400-CWE-915, https://github.com/richardgirges/express-fileupload.git, e9848fc1b5c92e175adb18afa0850f6e7dfc0b5c, d81bee9bc07f98246b7c580e2c25c1db656af7b5, /vul/CVE-2020-7699/richardgirges/express-fileupload/208/e9848fc1b5c92e175adb18afa0850f6e7dfc0b5c/processNested.js, /fix/CVE-2020-7699/richardgirges/express-fileupload/208/d81bee9bc07f98246b7c580e2c25c1db656af7b5/processNested.js,19, Prototype-polluting function,
CVE-2020-7720, CWE-078-CWE-079-CWE-094-CWE-400-CWE-915, https://github.com/digitalbazaar/forge.git, 30d560c6b522b9a97a67d9101ecf8f860a4ba63a, 6a1e3ef74f6eb345bcff1b82184201d1e28b6756, /vul/CVE-2020-7720/digitalbazaar/forge/209/30d560c6b522b9a97a67d9101ecf8f860a4ba63a/util.js, /fix/CVE-2020-7720/digitalbazaar/forge/209/6a1e3ef74f6eb345bcff1b82184201d1e28b6756/util.js,2539, Prototype-polluting function,
CVE-2020-7750, CWE-079-CWE-116, https://github.com/LLK/scratch-svg-renderer.git, 16974b462c02b2915db728f75eaf682559c50a0b, 21d8f1668f6a8926280f9a9247b062c8ec6957fd, /vul/CVE-2020-7750/LLK/scratch-svg-renderer/210/16974b462c02b2915db728f75eaf682559c50a0b/svg-renderer.js, /fix/CVE-2020-7750/LLK/scratch-svg-renderer/210/21d8f1668f6a8926280f9a9247b062c8ec6957fd/svg-renderer.js,371, Client-side cross-site scripting,
CVE-2020-7752, CWE-078-CWE-088, https://github.com/sebhildebrandt/systeminformation.git, 147550532ab11cac4b609844a519a1d945f5c103, bad372e654cdd549e7d786acbba0035ded54c607, /vul/CVE-2020-7752/sebhildebrandt/systeminformation/211/147550532ab11cac4b609844a519a1d945f5c103/network.js, /fix/CVE-2020-7752/sebhildebrandt/systeminformation/211/bad372e654cdd549e7d786acbba0035ded54c607/network.js,1079, Command injection in library function that dynamically builds a `netstat` shell command without sanitizing the `iface` argument.,
CVE-2020-7763, CWE-022-CWE-023-CWE-036-CWE-073-CWE-099, https://github.com/pofider/phantom-html-to-pdf.git, c1c4d4df05f3d019e74ed209bae345d2c38d8962, b5d2da2639a49a95e0bdb3bc0c987cb6406b8259, /vul/CVE-2020-7763/pofider/phantom-html-to-pdf/212/c1c4d4df05f3d019e74ed209bae345d2c38d8962/conversion.js, /fix/CVE-2020-7763/pofider/phantom-html-to-pdf/212/b5d2da2639a49a95e0bdb3bc0c987cb6406b8259/conversion.js,14, Uncontrolled data used in path expression,
CVE-2020-8116, CWE-078-CWE-079-CWE-094-CWE-400-CWE-915, https://github.com/sindresorhus/dot-prop.git, e0f8abf71164321caf1b20109000b08be506f227, 3039c8c07f6fdaa8b595ec869ae0895686a7a0f2, /vul/CVE-2020-8116/sindresorhus/dot-prop/213/e0f8abf71164321caf1b20109000b08be506f227/index.js, /fix/CVE-2020-8116/sindresorhus/dot-prop/213/3039c8c07f6fdaa8b595ec869ae0895686a7a0f2/index.js,70, Prototype-polluting function,
CVE-2020-8135, CWE-601, https://github.com/transloadit/uppy.git, 4aeef4dac0490ebb1d1fccd5582ba42c6c0fb87d, aa1fa387187d53e2652ba8c9c97fe623bb9d8039, /vul/CVE-2020-8135/transloadit/uppy/214/4aeef4dac0490ebb1d1fccd5582ba42c6c0fb87d/utils.js, /fix/CVE-2020-8135/transloadit/uppy/214/aa1fa387187d53e2652ba8c9c97fe623bb9d8039/utils.js,73, Server-side URL redirect,
CVE-2020-8149, CWE-078-CWE-088, https://github.com/zamotany/logkitty.git, e1e229687472d8c9266d17f2969ff7431a78db86, ef2f673e25c629544dd3de6429999318447dd6bf, /vul/CVE-2020-8149/zamotany/logkitty/215/e1e229687472d8c9266d17f2969ff7431a78db86/adb.ts, /fix/CVE-2020-8149/zamotany/logkitty/215/ef2f673e25c629544dd3de6429999318447dd6bf/adb.ts,55, Indirect uncontrolled command line,
CVE-2020-8192, CWE-770, https://github.com/fastify/fastify.git, 854e150c0d78e7c31f4f6eca57908f9da19c379f, 74c3157ca90c3ffed9e4434f63c2017471ec970e, /vul/CVE-2020-8192/fastify/fastify/216/854e150c0d78e7c31f4f6eca57908f9da19c379f/validation.js, /fix/CVE-2020-8192/fastify/fastify/216/74c3157ca90c3ffed9e4434f63c2017471ec970e/validation.js,37, Resource exhaustion,
CVE-2020-8203, CWE-078-CWE-079-CWE-094-CWE-400-CWE-915, https://github.com/lodash/lodash.git, e7b28ea6cb17b4ca021e7c9d66218c8c89782f32, c84fe82760fb2d3e03a63379b297a1cc1a2fce12, /vul/CVE-2020-8203/lodash/lodash/217/e7b28ea6cb17b4ca021e7c9d66218c8c89782f32/lodash.js, /fix/CVE-2020-8203/lodash/lodash/217/c84fe82760fb2d3e03a63379b297a1cc1a2fce12/lodash.js,2559, Prototype-polluting function,
CVE-2020-8205, CWE-918, https://github.com/transloadit/uppy.git, ab88612dff3ce24b001acb3b626516f0e2f7fd0c, 740ba1d5b31d946b83c8624d51eedbd9b4e612f0, /vul/CVE-2020-8205/transloadit/uppy/218/ab88612dff3ce24b001acb3b626516f0e2f7fd0c/url.js, /fix/CVE-2020-8205/transloadit/uppy/218/740ba1d5b31d946b83c8624d51eedbd9b4e612f0/url.js,120, Uncontrolled data used in network request,
CVE-2020-8244, CWE-125-CWE-126, https://github.com/rvagg/bl.git, ecc0cc51ef62f41ae151e82d61a8eac71c2ca672, 8a8c13c880e2bef519133ea43e0e9b78b5d0c91e, /vul/CVE-2020-8244/rvagg/bl/219/ecc0cc51ef62f41ae151e82d61a8eac71c2ca672/bl.js, /fix/CVE-2020-8244/rvagg/bl/219/8a8c13c880e2bef519133ea43e0e9b78b5d0c91e/bl.js,189, Buffer over-read vulnerability resulting in exposure of uninitialized memory,
CVE-2020-9038, CWE-020, https://github.com/laurent22/joplin.git, 06d807d9ff86527151fd219b98e11b76adfb8068, 3db47b575b9cb0a765da3d283baa2c065df0d0bc, /vul/CVE-2020-9038/laurent22/joplin/220/06d807d9ff86527151fd219b98e11b76adfb8068/index.js, /fix/CVE-2020-9038/laurent22/joplin/220/3db47b575b9cb0a765da3d283baa2c065df0d0bc/index.js,24, Incomplete URL scheme check,
CVE-2021-23344, CWE-94, https://github.com/totaljs/framework.git, b3f901561d66ab799a4a99279893b94cad7ae4ff, c812bbcab8981797d3a1b9993fc42dad3d246f04, /vul/CVE-2021-23344/totaljs/framework/221/b3f901561d66ab799a4a99279893b94cad7ae4ff/utils.js, /fix/CVE-2021-23344/totaljs/framework/221/c812bbcab8981797d3a1b9993fc42dad3d246f04/utils.js,6625, The package total.js before 3.4.8 are vulnerable to Remote Code Execution (RCE) via set.,
CVE-2021-23364, CWE-400, https://github.com/browserslist/browserslist.git, 209adf9e0051fa39a2b25354cffd493300f34b02, bd1e9e01c95cad24be706fb11be7d151cd99ed0a, /vul/CVE-2021-23364/browserslist/browserslist/222/209adf9e0051fa39a2b25354cffd493300f34b02/index.js, /fix/CVE-2021-23364/browserslist/browserslist/222/bd1e9e01c95cad24be706fb11be7d151cd99ed0a/index.js,802, The package browserslist from 4.0.0 and before 4.16.5 are vulnerable to Regular Expression Denial of Service (ReDoS) during parsing of queries.,
CVE-2021-23364, CWE-400, https://github.com/browserslist/browserslist.git, 209adf9e0051fa39a2b25354cffd493300f34b02, bd1e9e01c95cad24be706fb11be7d151cd99ed0a, /vul/CVE-2021-23364/browserslist/browserslist/222/209adf9e0051fa39a2b25354cffd493300f34b02/index.js, /fix/CVE-2021-23364/browserslist/browserslist/222/bd1e9e01c95cad24be706fb11be7d151cd99ed0a/index.js,827, The package browserslist from 4.0.0 and before 4.16.5 are vulnerable to Regular Expression Denial of Service (ReDoS) during parsing of queries.,
CVE-2021-23364, CWE-400, https://github.com/browserslist/browserslist.git, 209adf9e0051fa39a2b25354cffd493300f34b02, bd1e9e01c95cad24be706fb11be7d151cd99ed0a, /vul/CVE-2021-23364/browserslist/browserslist/222/209adf9e0051fa39a2b25354cffd493300f34b02/index.js, /fix/CVE-2021-23364/browserslist/browserslist/222/bd1e9e01c95cad24be706fb11be7d151cd99ed0a/index.js,855, The package browserslist from 4.0.0 and before 4.16.5 are vulnerable to Regular Expression Denial of Service (ReDoS) during parsing of queries.,
CVE-2021-23364, CWE-400, https://github.com/browserslist/browserslist.git, 209adf9e0051fa39a2b25354cffd493300f34b02, bd1e9e01c95cad24be706fb11be7d151cd99ed0a, /vul/CVE-2021-23364/browserslist/browserslist/222/209adf9e0051fa39a2b25354cffd493300f34b02/index.js, /fix/CVE-2021-23364/browserslist/browserslist/222/bd1e9e01c95cad24be706fb11be7d151cd99ed0a/index.js,890, The package browserslist from 4.0.0 and before 4.16.5 are vulnerable to Regular Expression Denial of Service (ReDoS) during parsing of queries.,
CVE-2021-23364, CWE-400, https://github.com/browserslist/browserslist.git, 209adf9e0051fa39a2b25354cffd493300f34b02, bd1e9e01c95cad24be706fb11be7d151cd99ed0a, /vul/CVE-2021-23364/browserslist/browserslist/222/209adf9e0051fa39a2b25354cffd493300f34b02/index.js, /fix/CVE-2021-23364/browserslist/browserslist/222/bd1e9e01c95cad24be706fb11be7d151cd99ed0a/index.js,921, The package browserslist from 4.0.0 and before 4.16.5 are vulnerable to Regular Expression Denial of Service (ReDoS) during parsing of queries.,
CVE-2021-23364, CWE-400, https://github.com/browserslist/browserslist.git, 209adf9e0051fa39a2b25354cffd493300f34b02, bd1e9e01c95cad24be706fb11be7d151cd99ed0a, /vul/CVE-2021-23364/browserslist/browserslist/222/209adf9e0051fa39a2b25354cffd493300f34b02/index.js, /fix/CVE-2021-23364/browserslist/browserslist/222/bd1e9e01c95cad24be706fb11be7d151cd99ed0a/index.js,925, The package browserslist from 4.0.0 and before 4.16.5 are vulnerable to Regular Expression Denial of Service (ReDoS) during parsing of queries.,
CVE-2021-31712, CWE-79, https://github.com/jpuri/react-draft-wysiwyg.git, f59ee8419cdbd45aab3bdfdf1995f112b09bbb6a, f71fb3ca96f4596135ee739d29dfed7cc7b25b4b, /vul/CVE-2021-31712/jpuri/react-draft-wysiwyg/223/f59ee8419cdbd45aab3bdfdf1995f112b09bbb6a/index.js, /fix/CVE-2021-31712/jpuri/react-draft-wysiwyg/223/f71fb3ca96f4596135ee739d29dfed7cc7b25b4b/index.js,35, react-draft-wysiwyg (aka React Draft Wysiwyg) before 1.14.6 allows a javascript: URi in a Link Target of the link decorator in decorators/Link/index.js when a draft is shared across users, leading to XSS.
CVE-2021-31712, CWE-79, https://github.com/jpuri/react-draft-wysiwyg.git, f59ee8419cdbd45aab3bdfdf1995f112b09bbb6a, f71fb3ca96f4596135ee739d29dfed7cc7b25b4b, /vul/CVE-2021-31712/jpuri/react-draft-wysiwyg/223/f59ee8419cdbd45aab3bdfdf1995f112b09bbb6a/index.js, /fix/CVE-2021-31712/jpuri/react-draft-wysiwyg/223/f71fb3ca96f4596135ee739d29dfed7cc7b25b4b/index.js,59, react-draft-wysiwyg (aka React Draft Wysiwyg) before 1.14.6 allows a javascript: URi in a Link Target of the link decorator in decorators/Link/index.js when a draft is shared across users, leading to XSS.
